Workbook
Name CAP: 'لوحة التحكم'!$C$8
Name HTYPE: 'لوحة التحكم'!$C$7
Name RMODE: 'لوحة التحكم'!$C$9
Name MOBILEBEDS: 'لوحة التحكم'!$C$10

Sheet دليل الاستخدام
A1: دليل استخدام نموذج حساب معايير القوى العاملة
A2: المصدر: المعايير القياسية للقوى العاملة بمستشفيات وزارة الصحة — النسخة الثانية 2023م — وكالة الوزارة للخدمات العلاجية / الإدارة العامة لشؤون المستشفيات
A5: كيف يعمل النموذج؟
A6: 1 | B6: افتح ورقة «لوحة التحكم» وأدخل: اسم المستشفى، نوع المستشفى، والسعة السريرية (عدد الأسرة).
A7: 2 | B7: تُحتسب أعمدة «الاحتياج للسعة المدخلة» في كل ورقة معيار تلقائياً بمجرد إدخال السعة السريرية.
A8: 3 | B8: أدخل الأعداد الحالية للموظفين في عمود «الموجود فعلياً» (الخلايا الصفراء) في أوراق المعايير.
A9: 4 | B9: تظهر الفجوة ونسبة التغطية والحالة تلقائياً لكل مسمى وظيفي، ويتجمّع الملخص في «لوحة التحكم».
A11: قواعد الحساب
A12: الشرائح المعيارية | B12: الدليل يحدد الأعداد عند سعات محددة (50 / 100 / 150 / 200 / 300 / 400 / 500 سرير للمستشفيات العامة).
A13: السعات غير المذكورة | B13: يُستخدم الاستيفاء الخطي (Linear Interpolation) بين أقرب شريحتين. مثال: سعة 250 سرير = القيمة عند 200 + نصف الفرق بين 200 و 300.
A14: أقل من أصغر شريحة | B14: يُحسب تناسبياً من أصغر شريحة (القيمة × السعة ÷ أصغر شريحة).
A15: أكبر من أكبر شريحة | B15: يُحسب تناسبياً من أكبر شريحة (القيمة × السعة ÷ أكبر شريحة).
A16: التقريب | B16: افتراضياً «تقريب لأعلى» لأن الدليل يمثل الحد الأدنى للقوى العاملة. يمكن تغييره من لوحة التحكم إلى «تقريب لأقرب صحيح».
A17: عند السعات المعيارية | B17: تُطابق نتائج النموذج أرقام الدليل حرفياً (تم التحقق من كل جدول مقابل المجاميع المنشورة).
A19: دلالة الألوان
A20: أصفر / خط أزرق | B20: خلايا إدخال — أنت من يعبّئها.
A21: أخضر فاتح | B21: خلايا محسوبة تلقائياً — لا تُعدَّل.
A22: أزرق فاتح | B22: قيم المعيار كما وردت في الدليل — مرجعية ثابتة.
A23: رمادي | B23: صفوف مقارنة/تدقيق.
A25: تنبيهات مهنية
A26: الحد الأدنى | B26: المعيار يمثل الحد الأدنى للقوى العاملة وليس العدد الأمثل (إيضاح 1).
A27: نطاق الخدمة | B27: لا يُطبَّق معيار أي تخصص ما لم تتوفر خدمته فعلياً في المنشأة (إيضاح 42) — راجع ورقة «نطاق الخدمات».
A28: العنايات المركزة | B28: يُطبَّق معيار العنايات المركزة فقط إذا كانت المستشفى تقدم الخدمة ومعتمدة (إيضاح 8).
A29: الأقسام المشروطة | B29: الأورام، زراعة القوقعة، العقم، جراحة السمنة، التأهيل الطبي — تُطبَّق عند اعتماد المركز فقط (إيضاحات 34، 37-41).
A30: راجع الإيضاحات | B30: ورقة «الإيضاحات» تحتوي الإيضاحات الـ 42 الواردة في الدليل كاملة.

Sheet لوحة التحكم
A1: لوحة التحكم — حساب الاحتياج من القوى العاملة
A2: المصدر: المعايير القياسية للقوى العاملة بمستشفيات وزارة الصحة — النسخة الثانية 2023م — وكالة الوزارة للخدمات العلاجية / الإدارة العامة لشؤون المستشفيات
B4: ① بيانات المستشفى — عبّئ الخلايا الصفراء
B5: اسم المستشفى | C5: مستشفى الملك فهد العام (مثال — استبدله)
B6: المنطقة / التجمع الصحي | C6: تجمع ... الصحي (مثال — استبدله)
B7: نوع المستشفى | C7: مستشفى عام | E7: ◄ اختر من القائمة
B8: السعة السريرية (عدد الأسرة) | C8: 250 | E8: ◄ أي رقم؛ يُستوفى خطياً بين شرائح الدليل
B9: طريقة التقريب | C9: تقريب لأعلى | E9: ◄ الدليل حد أدنى ⇒ الافتراضي: تقريب لأعلى
B10: اعتماد الأسرة المتحركة | C10: لا | E10: ◄ إيضاحات 26-29: تؤثر على نسبة التمريض لكل سرير
B11: تاريخ التقييم | C11: 1447/01/01هـ
B13: ② ملخص الاحتياج والفجوة (يُحدَّث تلقائياً)
B14: الفئة | C14: الاحتياج حسب المعيار | D14: الموجود فعلياً | E14: الفجوة (+فائض / -عجز) | F14: نسبة التغطية | G14: المعدل لكل سرير | H14: الحالة
B15: الأطباء | C15: =INDEX('مصفوفة الحساب'!$B$4:$E$11,MATCH($I15,'مصفوفة الحساب'!$A$4:$A$11,0),MATCH(HTYPE,'مصفوفة الحساب'!$B$2:$E$2,0)) | D15: =INDEX('مصفوفة الحساب'!$F$4:$I$11,MATCH($I15,'مصفوفة الحساب'!$A$4:$A$11,0),MATCH(HTYPE,'مصفوفة الحساب'!$F$2:$I$2,0)) | E15: =D15-C15 | F15: =IF(C15=0,"",D15/C15) | G15: =IF(CAP=0,"",C15/CAP) | H15: =IF(C15=0,"لا ينطبق",IF(D15>=C15,"مكتمل",IF(D15=0,"لم يُدخل","عجز"))) | I15: طبيب
B16: التمريض | C16: =INDEX('مصفوفة الحساب'!$B$4:$E$11,MATCH($I16,'مصفوفة الحساب'!$A$4:$A$11,0),MATCH(HTYPE,'مصفوفة الحساب'!$B$2:$E$2,0)) | D16: =INDEX('مصفوفة الحساب'!$F$4:$I$11,MATCH($I16,'مصفوفة الحساب'!$A$4:$A$11,0),MATCH(HTYPE,'مصفوفة الحساب'!$F$2:$I$2,0)) | E16: =D16-C16 | F16: =IF(C16=0,"",D16/C16) | G16: =IF(CAP=0,"",C16/CAP) | H16: =IF(C16=0,"لا ينطبق",IF(D16>=C16,"مكتمل",IF(D16=0,"لم يُدخل","عجز"))) | I16: تمريض
B17: القبالة | C17: =INDEX('مصفوفة الحساب'!$B$4:$E$11,MATCH($I17,'مصفوفة الحساب'!$A$4:$A$11,0),MATCH(HTYPE,'مصفوفة الحساب'!$B$2:$E$2,0)) | D17: =INDEX('مصفوفة الحساب'!$F$4:$I$11,MATCH($I17,'مصفوفة الحساب'!$A$4:$A$11,0),MATCH(HTYPE,'مصفوفة الحساب'!$F$2:$I$2,0)) | E17: =D17-C17 | F17: =IF(C17=0,"",D17/C17) | G17: =IF(CAP=0,"",C17/CAP) | H17: =IF(C17=0,"لا ينطبق",IF(D17>=C17,"مكتمل",IF(D17=0,"لم يُدخل","عجز"))) | I17: قبالة
B18: أخصائي غير طبيب (بدون تمريض وقبالة) | C18: =INDEX('مصفوفة الحساب'!$B$4:$E$11,MATCH($I18,'مصفوفة الحساب'!$A$4:$A$11,0),MATCH(HTYPE,'مصفوفة الحساب'!$B$2:$E$2,0)) | D18: =INDEX('مصفوفة الحساب'!$F$4:$I$11,MATCH($I18,'مصفوفة الحساب'!$A$4:$A$11,0),MATCH(HTYPE,'مصفوفة الحساب'!$F$2:$I$2,0)) | E18: =D18-C18 | F18: =IF(C18=0,"",D18/C18) | G18: =IF(CAP=0,"",C18/CAP) | H18: =IF(C18=0,"لا ينطبق",IF(D18>=C18,"مكتمل",IF(D18=0,"لم يُدخل","عجز"))) | I18: أخصائي غير طبيب
B19: الفنيون (بدون تمريض وقبالة) | C19: =INDEX('مصفوفة الحساب'!$B$4:$E$11,MATCH($I19,'مصفوفة الحساب'!$A$4:$A$11,0),MATCH(HTYPE,'مصفوفة الحساب'!$B$2:$E$2,0)) | D19: =INDEX('مصفوفة الحساب'!$F$4:$I$11,MATCH($I19,'مصفوفة الحساب'!$A$4:$A$11,0),MATCH(HTYPE,'مصفوفة الحساب'!$F$2:$I$2,0)) | E19: =D19-C19 | F19: =IF(C19=0,"",D19/C19) | G19: =IF(CAP=0,"",C19/CAP) | H19: =IF(C19=0,"لا ينطبق",IF(D19>=C19,"مكتمل",IF(D19=0,"لم يُدخل","عجز"))) | I19: فني
B20: الصيادلة | C20: =INDEX('مصفوفة الحساب'!$B$4:$E$11,MATCH($I20,'مصفوفة الحساب'!$A$4:$A$11,0),MATCH(HTYPE,'مصفوفة الحساب'!$B$2:$E$2,0)) | D20: =INDEX('مصفوفة الحساب'!$F$4:$I$11,MATCH($I20,'مصفوفة الحساب'!$A$4:$A$11,0),MATCH(HTYPE,'مصفوفة الحساب'!$F$2:$I$2,0)) | E20: =D20-C20 | F20: =IF(C20=0,"",D20/C20) | G20: =IF(CAP=0,"",C20/CAP) | H20: =IF(C20=0,"لا ينطبق",IF(D20>=C20,"مكتمل",IF(D20=0,"لم يُدخل","عجز"))) | I20: صيدلي
B21: المساعد الصحي | C21: =INDEX('مصفوفة الحساب'!$B$4:$E$11,MATCH($I21,'مصفوفة الحساب'!$A$4:$A$11,0),MATCH(HTYPE,'مصفوفة الحساب'!$B$2:$E$2,0)) | D21: =INDEX('مصفوفة الحساب'!$F$4:$I$11,MATCH($I21,'مصفوفة الحساب'!$A$4:$A$11,0),MATCH(HTYPE,'مصفوفة الحساب'!$F$2:$I$2,0)) | E21: =D21-C21 | F21: =IF(C21=0,"",D21/C21) | G21: =IF(CAP=0,"",C21/CAP) | H21: =IF(C21=0,"لا ينطبق",IF(D21>=C21,"مكتمل",IF(D21=0,"لم يُدخل","عجز"))) | I21: مساعد صحي
B22: الإداريون | C22: =INDEX('مصفوفة الحساب'!$B$4:$E$11,MATCH($I22,'مصفوفة الحساب'!$A$4:$A$11,0),MATCH(HTYPE,'مصفوفة الحساب'!$B$2:$E$2,0)) | D22: =INDEX('مصفوفة الحساب'!$F$4:$I$11,MATCH($I22,'مصفوفة الحساب'!$A$4:$A$11,0),MATCH(HTYPE,'مصفوفة الحساب'!$F$2:$I$2,0)) | E22: =D22-C22 | F22: =IF(C22=0,"",D22/C22) | G22: =IF(CAP=0,"",C22/CAP) | H22: =IF(C22=0,"لا ينطبق",IF(D22>=C22,"مكتمل",IF(D22=0,"لم يُدخل","عجز"))) | I22: إداري
B23: إجمالي القوى العاملة | C23: =SUM(C15:C22) | D23: =SUM(D15:D22) | E23: =D23-C23 | F23: =IF(C23=0,"",D23/C23) | G23: =IF(CAP=0,"",C23/CAP)
B25: الاحتياج يُحتسب آلياً من أوراق المعايير حسب السعة السريرية المدخلة · «الموجود فعلياً» يُجمَّع من الخلايا الصفراء التي تعبّئها في أوراق المعايير · المعدل لكل سرير = الاحتياج ÷ السعة.

Sheet عام - الأطباء
A1: عام - الأطباء
A2: الملحق (1) — تفاصيل المعيار المحدث لفئة الأطباء (صفحات 22-25)
C3: معاملا الاستيفاء ◄ | D3: =IFERROR(MATCH(CAP,$D$4:$J$4,1),1) | E3: =IF(OR(CAP<=$D$4,CAP>=$J$4),0,(CAP-INDEX($D$4:$J$4,$D$3))/(INDEX($D$4:$J$4,$D$3+1)-INDEX($D$4:$J$4,$D$3)))
A4: م | B4: الفئة | C4: المسمى الوظيفي | D4: 50 | E4: 100 | F4: 150 | G4: 200 | H4: 300 | I4: 400 | J4: 500 | K4: الاحتياج للسعة المدخلة | L4: الموجود فعلياً | M4: الفجوة (+فائض / -عجز) | N4: نسبة التغطية | O4: الحالة | P4: القيمة قبل التقريب | Q4: ملاحظات
A5: 1 | B5: طبيب | C5: استشاري باطنة | D5: 2 | E5: 3 | F5: 3 | G5: 3 | H5: 4 | I5: 4 | J5: 8 | K5: =IF(RMODE="تقريب لأعلى",ROUNDUP(P5,0),ROUND(P5,0)) | M5: =L5-K5 | N5: =IF(K5=0,"",L5/K5) | O5: =IF(K5=0,"لا ينطبق",IF(L5>=K5,"مكتمل",IF(L5=0,"لا يوجد","عجز"))) | P5: =IF(CAP<=$D$4,D5*CAP/$D$4,IF(CAP>=$J$4,J5*CAP/$J$4,INDEX($D5:$J5,$D$3)+$E$3*(INDEX($D5:$J5,$D$3+1)-INDEX($D5:$J5,$D$3))))
A6: 2 | B6: طبيب | C6: أخصائي باطنة | D6: 3 | E6: 4 | F6: 4 | G6: 6 | H6: 8 | I6: 8 | J6: 10 | K6: =IF(RMODE="تقريب لأعلى",ROUNDUP(P6,0),ROUND(P6,0)) | M6: =L6-K6 | N6: =IF(K6=0,"",L6/K6) | O6: =IF(K6=0,"لا ينطبق",IF(L6>=K6,"مكتمل",IF(L6=0,"لا يوجد","عجز"))) | P6: =IF(CAP<=$D$4,D6*CAP/$D$4,IF(CAP>=$J$4,J6*CAP/$J$4,INDEX($D6:$J6,$D$3)+$E$3*(INDEX($D6:$J6,$D$3+1)-INDEX($D6:$J6,$D$3))))
A7: 3 | B7: طبيب | C7: مقيم باطنة | D7: 4 | E7: 3 | F7: 4 | G7: 5 | H7: 8 | I7: 10 | J7: 12 | K7: =IF(RMODE="تقريب لأعلى",ROUNDUP(P7,0),ROUND(P7,0)) | M7: =L7-K7 | N7: =IF(K7=0,"",L7/K7) | O7: =IF(K7=0,"لا ينطبق",IF(L7>=K7,"مكتمل",IF(L7=0,"لا يوجد","عجز"))) | P7: =IF(CAP<=$D$4,D7*CAP/$D$4,IF(CAP>=$J$4,J7*CAP/$J$4,INDEX($D7:$J7,$D$3)+$E$3*(INDEX($D7:$J7,$D$3+1)-INDEX($D7:$J7,$D$3))))
A8: 4 | B8: طبيب | C8: مقيم رعاية منزلية | D8: 5 | E8: 10 | F8: 15 | G8: 20 | H8: 30 | I8: 40 | J8: 50 | K8: =IF(RMODE="تقريب لأعلى",ROUNDUP(P8,0),ROUND(P8,0)) | M8: =L8-K8 | N8: =IF(K8=0,"",L8/K8) | O8: =IF(K8=0,"لا ينطبق",IF(L8>=K8,"مكتمل",IF(L8=0,"لا يوجد","عجز"))) | P8: =IF(CAP<=$D$4,D8*CAP/$D$4,IF(CAP>=$J$4,J8*CAP/$J$4,INDEX($D8:$J8,$D$3)+$E$3*(INDEX($D8:$J8,$D$3+1)-INDEX($D8:$J8,$D$3))))
A9: 5 | B9: طبيب | C9: استشاري قلب | D9: 0 | E9: 1 | F9: 1 | G9: 2 | H9: 3 | I9: 3 | J9: 4 | K9: =IF(RMODE="تقريب لأعلى",ROUNDUP(P9,0),ROUND(P9,0)) | M9: =L9-K9 | N9: =IF(K9=0,"",L9/K9) | O9: =IF(K9=0,"لا ينطبق",IF(L9>=K9,"مكتمل",IF(L9=0,"لا يوجد","عجز"))) | P9: =IF(CAP<=$D$4,D9*CAP/$D$4,IF(CAP>=$J$4,J9*CAP/$J$4,INDEX($D9:$J9,$D$3)+$E$3*(INDEX($D9:$J9,$D$3+1)-INDEX($D9:$J9,$D$3))))
A10: 6 | B10: طبيب | C10: أخصائي قلب | D10: 0 | E10: 1 | F10: 2 | G10: 2 | H10: 3 | I10: 3 | J10: 3 | K10: =IF(RMODE="تقريب لأعلى",ROUNDUP(P10,0),ROUND(P10,0)) | M10: =L10-K10 | N10: =IF(K10=0,"",L10/K10) | O10: =IF(K10=0,"لا ينطبق",IF(L10>=K10,"مكتمل",IF(L10=0,"لا يوجد","عجز"))) | P10: =IF(CAP<=$D$4,D10*CAP/$D$4,IF(CAP>=$J$4,J10*CAP/$J$4,INDEX($D10:$J10,$D$3)+$E$3*(INDEX($D10:$J10,$D$3+1)-INDEX($D10:$J10,$D$3))))
A11: 7 | B11: طبيب | C11: مقيم قلب | D11: 0 | E11: 0 | F11: 0 | G11: 0 | H11: 2 | I11: 3 | J11: 4 | K11: =IF(RMODE="تقريب لأعلى",ROUNDUP(P11,0),ROUND(P11,0)) | M11: =L11-K11 | N11: =IF(K11=0,"",L11/K11) | O11: =IF(K11=0,"لا ينطبق",IF(L11>=K11,"مكتمل",IF(L11=0,"لا يوجد","عجز"))) | P11: =IF(CAP<=$D$4,D11*CAP/$D$4,IF(CAP>=$J$4,J11*CAP/$J$4,INDEX($D11:$J11,$D$3)+$E$3*(INDEX($D11:$J11,$D$3+1)-INDEX($D11:$J11,$D$3))))
A12: 8 | B12: طبيب | C12: استشاري جهاز هضمي وكبد | D12: 0 | E12: 1 | F12: 1 | G12: 1 | H12: 2 | I12: 3 | J12: 4 | K12: =IF(RMODE="تقريب لأعلى",ROUNDUP(P12,0),ROUND(P12,0)) | M12: =L12-K12 | N12: =IF(K12=0,"",L12/K12) | O12: =IF(K12=0,"لا ينطبق",IF(L12>=K12,"مكتمل",IF(L12=0,"لا يوجد","عجز"))) | P12: =IF(CAP<=$D$4,D12*CAP/$D$4,IF(CAP>=$J$4,J12*CAP/$J$4,INDEX($D12:$J12,$D$3)+$E$3*(INDEX($D12:$J12,$D$3+1)-INDEX($D12:$J12,$D$3))))
A13: 9 | B13: طبيب | C13: أخصائي جهاز هضمي وكبد | D13: 0 | E13: 1 | F13: 1 | G13: 2 | H13: 3 | I13: 3 | J13: 3 | K13: =IF(RMODE="تقريب لأعلى",ROUNDUP(P13,0),ROUND(P13,0)) | M13: =L13-K13 | N13: =IF(K13=0,"",L13/K13) | O13: =IF(K13=0,"لا ينطبق",IF(L13>=K13,"مكتمل",IF(L13=0,"لا يوجد","عجز"))) | P13: =IF(CAP<=$D$4,D13*CAP/$D$4,IF(CAP>=$J$4,J13*CAP/$J$4,INDEX($D13:$J13,$D$3)+$E$3*(INDEX($D13:$J13,$D$3+1)-INDEX($D13:$J13,$D$3))))
A14: 10 | B14: طبيب | C14: مقيم جهاز هضمي وكبد | D14: 0 | E14: 1 | F14: 1 | G14: 1 | H14: 2 | I14: 2 | J14: 3 | K14: =IF(RMODE="تقريب لأعلى",ROUNDUP(P14,0),ROUND(P14,0)) | M14: =L14-K14 | N14: =IF(K14=0,"",L14/K14) | O14: =IF(K14=0,"لا ينطبق",IF(L14>=K14,"مكتمل",IF(L14=0,"لا يوجد","عجز"))) | P14: =IF(CAP<=$D$4,D14*CAP/$D$4,IF(CAP>=$J$4,J14*CAP/$J$4,INDEX($D14:$J14,$D$3)+$E$3*(INDEX($D14:$J14,$D$3+1)-INDEX($D14:$J14,$D$3))))
A15: 11 | B15: طبيب | C15: استشاري أعصاب | D15: 0 | E15: 0 | F15: 1 | G15: 2 | H15: 3 | I15: 4 | J15: 6 | K15: =IF(RMODE="تقريب لأعلى",ROUNDUP(P15,0),ROUND(P15,0)) | M15: =L15-K15 | N15: =IF(K15=0,"",L15/K15) | O15: =IF(K15=0,"لا ينطبق",IF(L15>=K15,"مكتمل",IF(L15=0,"لا يوجد","عجز"))) | P15: =IF(CAP<=$D$4,D15*CAP/$D$4,IF(CAP>=$J$4,J15*CAP/$J$4,INDEX($D15:$J15,$D$3)+$E$3*(INDEX($D15:$J15,$D$3+1)-INDEX($D15:$J15,$D$3))))
A16: 12 | B16: طبيب | C16: أخصائي أعصاب | D16: 0 | E16: 0 | F16: 2 | G16: 2 | H16: 3 | I16: 4 | J16: 5 | K16: =IF(RMODE="تقريب لأعلى",ROUNDUP(P16,0),ROUND(P16,0)) | M16: =L16-K16 | N16: =IF(K16=0,"",L16/K16) | O16: =IF(K16=0,"لا ينطبق",IF(L16>=K16,"مكتمل",IF(L16=0,"لا يوجد","عجز"))) | P16: =IF(CAP<=$D$4,D16*CAP/$D$4,IF(CAP>=$J$4,J16*CAP/$J$4,INDEX($D16:$J16,$D$3)+$E$3*(INDEX($D16:$J16,$D$3+1)-INDEX($D16:$J16,$D$3))))
... A24: 20 | B24: طبيب | C24: أخصائي غدد صماء وسكري | D24: 1 | E24: 2 | F24: 2 | G24: 2 | H24: 3 | I24: 3 | J24: 3 | K24: =IF(RMODE="تقريب لأعلى",ROUNDUP(P24,0),ROUND(P24,0)) | M24: =L24-K24 | N24: =IF(K24=0,"",L24/K24) | O24: =IF(K24=0,"لا ينطبق",IF(L24>=K24,"مكتمل",IF(L24=0,"لا يوجد","عجز"))) | P24: =IF(CAP<=$D$4,D24*CAP/$D$4,IF(CAP>=$J$4,J24*CAP/$J$4,INDEX($D24:$J24,$D$3)+$E$3*(INDEX($D24:$J24,$D$3+1)-INDEX($D24:$J24,$D$3))))
A25: 21 | B25: طبيب | C25: استشاري أمراض دم وأورام | D25: 0 | E25: 0 | F25: 1 | G25: 1 | H25: 2 | I25: 3 | J25: 4 | K25: =IF(RMODE="تقريب لأعلى",ROUNDUP(P25,0),ROUND(P25,0)) | M25: =L25-K25 | N25: =IF(K25=0,"",L25/K25) | O25: =IF(K25=0,"لا ينطبق",IF(L25>=K25,"مكتمل",IF(L25=0,"لا يوجد","عجز"))) | P25: =IF(CAP<=$D$4,D25*CAP/$D$4,IF(CAP>=$J$4,J25*CAP/$J$4,INDEX($D25:$J25,$D$3)+$E$3*(INDEX($D25:$J25,$D$3+1)-INDEX($D25:$J25,$D$3)))) | Q25: إيضاح 37: تطبق المسميات 21-30 عند توفر خدمات الأورام
A26: 22 | B26: طبيب | C26: أخصائي أمراض دم وأورام | D26: 0 | E26: 0 | F26: 1 | G26: 2 | H26: 4 | I26: 5 | J26: 6 | K26: =IF(RMODE="تقريب لأعلى",ROUNDUP(P26,0),ROUND(P26,0)) | M26: =L26-K26 | N26: =IF(K26=0,"",L26/K26) | O26: =IF(K26=0,"لا ينطبق",IF(L26>=K26,"مكتمل",IF(L26=0,"لا يوجد","عجز"))) | P26: =IF(CAP<=$D$4,D26*CAP/$D$4,IF(CAP>=$J$4,J26*CAP/$J$4,INDEX($D26:$J26,$D$3)+$E$3*(INDEX($D26:$J26,$D$3+1)-INDEX($D26:$J26,$D$3)))) | Q26: إيضاح 37
A27: 23 | B27: طبيب | C27: استشاري أورام كبار | D27: 0 | E27: 0 | F27: 0 | G27: 1 | H27: 1 | I27: 2 | J27: 2 | K27: =IF(RMODE="تقريب لأعلى",ROUNDUP(P27,0),ROUND(P27,0)) | M27: =L27-K27 | N27: =IF(K27=0,"",L27/K27) | O27: =IF(K27=0,"لا ينطبق",IF(L27>=K27,"مكتمل",IF(L27=0,"لا يوجد","عجز"))) | P27: =IF(CAP<=$D$4,D27*CAP/$D$4,IF(CAP>=$J$4,J27*CAP/$J$4,INDEX($D27:$J27,$D$3)+$E$3*(INDEX($D27:$J27,$D$3+1)-INDEX($D27:$J27,$D$3)))) | Q27: إيضاح 37
A28: 24 | B28: طبيب | C28: أخصائي أورام كبار | D28: 0 | E28: 1 | F28: 1 | G28: 2 | H28: 2 | I28: 2 | J28: 3 | K28: =IF(RMODE="تقريب لأعلى",ROUNDUP(P28,0),ROUND(P28,0)) | M28: =L28-K28 | N28: =IF(K28=0,"",L28/K28) | O28: =IF(K28=0,"لا ينطبق",IF(L28>=K28,"مكتمل",IF(L28=0,"لا يوجد","عجز"))) | P28: =IF(CAP<=$D$4,D28*CAP/$D$4,IF(CAP>=$J$4,J28*CAP/$J$4,INDEX($D28:$J28,$D$3)+$E$3*(INDEX($D28:$J28,$D$3+1)-INDEX($D28:$J28,$D$3)))) | Q28: إيضاح 37
A29: 25 | B29: طبيب | C29: استشاري علاج إشعاعي أورام | D29: 0 | E29: 0 | F29: 0 | G29: 0 | H29: 2 | I29: 2 | J29: 3 | K29: =IF(RMODE="تقريب لأعلى",ROUNDUP(P29,0),ROUND(P29,0)) | M29: =L29-K29 | N29: =IF(K29=0,"",L29/K29) | O29: =IF(K29=0,"لا ينطبق",IF(L29>=K29,"مكتمل",IF(L29=0,"لا يوجد","عجز"))) | P29: =IF(CAP<=$D$4,D29*CAP/$D$4,IF(CAP>=$J$4,J29*CAP/$J$4,INDEX($D29:$J29,$D$3)+$E$3*(INDEX($D29:$J29,$D$3+1)-INDEX($D29:$J29,$D$3)))) | Q29: إيضاح 37
A30: 26 | B30: طبيب | C30: أخصائي علاج إشعاعي أورام | D30: 0 | E30: 0 | F30: 1 | G30: 2 | H30: 2 | I30: 3 | J30: 3 | K30: =IF(RMODE="تقريب لأعلى",ROUNDUP(P30,0),ROUND(P30,0)) | M30: =L30-K30 | N30: =IF(K30=0,"",L30/K30) | O30: =IF(K30=0,"لا ينطبق",IF(L30>=K30,"مكتمل",IF(L30=0,"لا يوجد","عجز"))) | P30: =IF(CAP<=$D$4,D30*CAP/$D$4,IF(CAP>=$J$4,J30*CAP/$J$4,INDEX($D30:$J30,$D$3)+$E$3*(INDEX($D30:$J30,$D$3+1)-INDEX($D30:$J30,$D$3)))) | Q30: إيضاح 37
A31: 27 | B31: طبيب | C31: استشاري علاج تلطيفي أورام | D31: 0 | E31: 0 | F31: 0 | G31: 1 | H31: 1 | I31: 2 | J31: 2 | K31: =IF(RMODE="تقريب لأعلى",ROUNDUP(P31,0),ROUND(P31,0)) | M31: =L31-K31 | N31: =IF(K31=0,"",L31/K31) | O31: =IF(K31=0,"لا ينطبق",IF(L31>=K31,"مكتمل",IF(L31=0,"لا يوجد","عجز"))) | P31: =IF(CAP<=$D$4,D31*CAP/$D$4,IF(CAP>=$J$4,J31*CAP/$J$4,INDEX($D31:$J31,$D$3)+$E$3*(INDEX($D31:$J31,$D$3+1)-INDEX($D31:$J31,$D$3)))) | Q31: إيضاح 37
A32: 28 | B32: طبيب | C32: أخصائي علاج تلطيفي أورام | D32: 0 | E32: 0 | F32: 1 | G32: 1 | H32: 2 | I32: 2 | J32: 2 | K32: =IF(RMODE="تقريب لأعلى",ROUNDUP(P32,0),ROUND(P32,0)) | M32: =L32-K32 | N32: =IF(K32=0,"",L32/K32) | O32: =IF(K32=0,"لا ينطبق",IF(L32>=K32,"مكتمل",IF(L32=0,"لا يوجد","عجز"))) | P32: =IF(CAP<=$D$4,D32*CAP/$D$4,IF(CAP>=$J$4,J32*CAP/$J$4,INDEX($D32:$J32,$D$3)+$E$3*(INDEX($D32:$J32,$D$3+1)-INDEX($D32:$J32,$D$3)))) | Q32: إيضاح 37
A33: 29 | B33: طبيب | C33: استشاري أورام أطفال | D33: 0 | E33: 0 | F33: 0 | G33: 1 | H33: 1 | I33: 2 | J33: 2 | K33: =IF(RMODE="تقريب لأعلى",ROUNDUP(P33,0),ROUND(P33,0)) | M33: =L33-K33 | N33: =IF(K33=0,"",L33/K33) | O33: =IF(K33=0,"لا ينطبق",IF(L33>=K33,"مكتمل",IF(L33=0,"لا يوجد","عجز"))) | P33: =IF(CAP<=$D$4,D33*CAP/$D$4,IF(CAP>=$J$4,J33*CAP/$J$4,INDEX($D33:$J33,$D$3)+$E$3*(INDEX($D33:$J33,$D$3+1)-INDEX($D33:$J33,$D$3)))) | Q33: إيضاح 37
A34: 30 | B34: طبيب | C34: أخصائي أورام أطفال | D34: 0 | E34: 0 | F34: 1 | G34: 2 | H34: 2 | I34: 3 | J34: 3 | K34: =IF(RMODE="تقريب لأعلى",ROUNDUP(P34,0),ROUND(P34,0)) | M34: =L34-K34 | N34: =IF(K34=0,"",L34/K34) | O34: =IF(K34=0,"لا ينطبق",IF(L34>=K34,"مكتمل",IF(L34=0,"لا يوجد","عجز"))) | P34: =IF(CAP<=$D$4,D34*CAP/$D$4,IF(CAP>=$J$4,J34*CAP/$J$4,INDEX($D34:$J34,$D$3)+$E$3*(INDEX($D34:$J34,$D$3+1)-INDEX($D34:$J34,$D$3)))) | Q34: إيضاح 37
A35: 31 | B35: طبيب | C35: استشاري أمراض وراثية واستقلابية | D35: 0 | E35: 0 | F35: 0 | G35: 0 | H35: 1 | I35: 2 | J35: 2 | K35: =IF(RMODE="تقريب لأعلى",ROUNDUP(P35,0),ROUND(P35,0)) | M35: =L35-K35 | N35: =IF(K35=0,"",L35/K35) | O35: =IF(K35=0,"لا ينطبق",IF(L35>=K35,"مكتمل",IF(L35=0,"لا يوجد","عجز"))) | P35: =IF(CAP<=$D$4,D35*CAP/$D$4,IF(CAP>=$J$4,J35*CAP/$J$4,INDEX($D35:$J35,$D$3)+$E$3*(INDEX($D35:$J35,$D$3+1)-INDEX($D35:$J35,$D$3))))
A36: 32 | B36: طبيب | C36: أخصائي أمراض وراثية واستقلابية | D36: 0 | E36: 0 | F36: 0 | G36: 2 | H36: 2 | I36: 3 | J36: 3 | K36: =IF(RMODE="تقريب لأعلى",ROUNDUP(P36,0),ROUND(P36,0)) | M36: =L36-K36 | N36: =IF(K36=0,"",L36/K36) | O36: =IF(K36=0,"لا ينطبق",IF(L36>=K36,"مكتمل",IF(L36=0,"لا يوجد","عجز"))) | P36: =IF(CAP<=$D$4,D36*CAP/$D$4,IF(CAP>=$J$4,J36*CAP/$J$4,INDEX($D36:$J36,$D$3)+$E$3*(INDEX($D36:$J36,$D$3+1)-INDEX($D36:$J36,$D$3))))
A37: 33 | B37: طبيب | C37: استشاري أمراض صدرية | D37: 0 | E37: 1 | F37: 1 | G37: 2 | H37: 2 | I37: 3 | J37: 3 | K37: =IF(RMODE="تقريب لأعلى",ROUNDUP(P37,0),ROUND(P37,0)) | M37: =L37-K37 | N37: =IF(K37=0,"",L37/K37) | O37: =IF(K37=0,"لا ينطبق",IF(L37>=K37,"مكتمل",IF(L37=0,"لا يوجد","عجز"))) | P37: =IF(CAP<=$D$4,D37*CAP/$D$4,IF(CAP>=$J$4,J37*CAP/$J$4,INDEX($D37:$J37,$D$3)+$E$3*(INDEX($D37:$J37,$D$3+1)-INDEX($D37:$J37,$D$3))))
A38: 34 | B38: طبيب | C38: أخصائي أمراض صدرية | D38: 1 | E38: 1 | F38: 2 | G38: 2 | H38: 3 | I38: 4 | J38: 5 | K38: =IF(RMODE="تقريب لأعلى",ROUNDUP(P38,0),ROUND(P38,0)) | M38: =L38-K38 | N38: =IF(K38=0,"",L38/K38) | O38: =IF(K38=0,"لا ينطبق",IF(L38>=K38,"مكتمل",IF(L38=0,"لا يوجد","عجز"))) | P38: =IF(CAP<=$D$4,D38*CAP/$D$4,IF(CAP>=$J$4,J38*CAP/$J$4,INDEX($D38:$J38,$D$3)+$E$3*(INDEX($D38:$J38,$D$3+1)-INDEX($D38:$J38,$D$3))))
A39: 35 | B39: طبيب | C39: استشاري أمراض معدية | D39: 0 | E39: 0 | F39: 1 | G39: 1 | H39: 3 | I39: 4 | J39: 4 | K39: =IF(RMODE="تقريب لأعلى",ROUNDUP(P39,0),ROUND(P39,0)) | M39: =L39-K39 | N39: =IF(K39=0,"",L39/K39) | O39: =IF(K39=0,"لا ينطبق",IF(L39>=K39,"مكتمل",IF(L39=0,"لا يوجد","عجز"))) | P39: =IF(CAP<=$D$4,D39*CAP/$D$4,IF(CAP>=$J$4,J39*CAP/$J$4,INDEX($D39:$J39,$D$3)+$E$3*(INDEX($D39:$J39,$D$3+1)-INDEX($D39:$J39,$D$3))))
A40: 36 | B40: طبيب | C40: أخصائي أمراض معدية | D40: 0 | E40: 1 | F40: 1 | G40: 1 | H40: 3 | I40: 3 | J40: 4 | K40: =IF(RMODE="تقريب لأعلى",ROUNDUP(P40,0),ROUND(P40,0)) | M40: =L40-K40 | N40: =IF(K40=0,"",L40/K40) | O40: =IF(K40=0,"لا ينطبق",IF(L40>=K40,"مكتمل",IF(L40=0,"لا يوجد","عجز"))) | P40: =IF(CAP<=$D$4,D40*CAP/$D$4,IF(CAP>=$J$4,J40*CAP/$J$4,INDEX($D40:$J40,$D$3)+$E$3*(INDEX($D40:$J40,$D$3+1)-INDEX($D40:$J40,$D$3))))
A41: 37 | B41: طبيب | C41: استشاري روماتيزم | D41: 0 | E41: 0 | F41: 0 | G41: 1 | H41: 2 | I41: 3 | J41: 3 | K41: =IF(RMODE="تقريب لأعلى",ROUNDUP(P41,0),ROUND(P41,0)) | M41: =L41-K41 | N41: =IF(K41=0,"",L41/K41) | O41: =IF(K41=0,"لا ينطبق",IF(L41>=K41,"مكتمل",IF(L41=0,"لا يوجد","عجز"))) | P41: =IF(CAP<=$D$4,D41*CAP/$D$4,IF(CAP>=$J$4,J41*CAP/$J$4,INDEX($D41:$J41,$D$3)+$E$3*(INDEX($D41:$J41,$D$3+1)-INDEX($D41:$J41,$D$3))))
A42: 38 | B42: طبيب | C42: أخصائي روماتيزم | D42: 0 | E42: 0 | F42: 0 | G42: 1 | H42: 2 | I42: 2 | J42: 3 | K42: =IF(RMODE="تقريب لأعلى",ROUNDUP(P42,0),ROUND(P42,0)) | M42: =L42-K42 | N42: =IF(K42=0,"",L42/K42) | O42: =IF(K42=0,"لا ينطبق",IF(L42>=K42,"مكتمل",IF(L42=0,"لا يوجد","عجز"))) | P42: =IF(CAP<=$D$4,D42*CAP/$D$4,IF(CAP>=$J$4,J42*CAP/$J$4,INDEX($D42:$J42,$D$3)+$E$3*(INDEX($D42:$J42,$D$3+1)-INDEX($D42:$J42,$D$3))))
A43: 39 | B43: طبيب | C43: طبيب استشاري طب نفسي | D43: 1 | E43: 1 | F43: 1 | G43: 1 | H43: 1 | I43: 1 | J43: 2 | K43: =IF(RMODE="تقريب لأعلى",ROUNDUP(P43,0),ROUND(P43,0)) | M43: =L43-K43 | N43: =IF(K43=0,"",L43/K43) | O43: =IF(K43=0,"لا ينطبق",IF(L43>=K43,"مكتمل",IF(L43=0,"لا يوجد","عجز"))) | P43: =IF(CAP<=$D$4,D43*CAP/$D$4,IF(CAP>=$J$4,J43*CAP/$J$4,INDEX($D43:$J43,$D$3)+$E$3*(INDEX($D43:$J43,$D$3+1)-INDEX($D43:$J43,$D$3))))
A44: 40 | B44: طبيب | C44: طبيب أخصائي طب نفسي | D44: 0 | E44: 1 | F44: 1 | G44: 1 | H44: 1 | I44: 1 | J44: 1 | K44: =IF(RMODE="تقريب لأعلى",ROUNDUP(P44,0),ROUND(P44,0)) | M44: =L44-K44 | N44: =IF(K44=0,"",L44/K44) | O44: =IF(K44=0,"لا ينطبق",IF(L44>=K44,"مكتمل",IF(L44=0,"لا يوجد","عجز"))) | P44: =IF(CAP<=$D$4,D44*CAP/$D$4,IF(CAP>=$J$4,J44*CAP/$J$4,INDEX($D44:$J44,$D$3)+$E$3*(INDEX($D44:$J44,$D$3+1)-INDEX($D44:$J44,$D$3))))
A45: 41 | B45: طبيب | C45: طبيب مقيم نفسي | D45: 1 | E45: 2 | F45: 3 | G45: 3 | H45: 5 | I45: 6 | J45: 6 | K45: =IF(RMODE="تقريب لأعلى",ROUNDUP(P45,0),ROUND(P45,0)) | M45: =L45-K45 | N45: =IF(K45=0,"",L45/K45) | O45: =IF(K45=0,"لا ينطبق",IF(L45>=K45,"مكتمل",IF(L45=0,"لا يوجد","عجز"))) | P45: =IF(CAP<=$D$4,D45*CAP/$D$4,IF(CAP>=$J$4,J45*CAP/$J$4,INDEX($D45:$J45,$D$3)+$E$3*(INDEX($D45:$J45,$D$3+1)-INDEX($D45:$J45,$D$3))))
A46: 42 | B46: طبيب | C46: استشاري طب نفسي أطفال ومراهقين | D46: 0 | E46: 1 | F46: 1 | G46: 2 | H46: 2 | I46: 3 | J46: 3 | K46: =IF(RMODE="تقريب لأعلى",ROUNDUP(P46,0),ROUND(P46,0)) | M46: =L46-K46 | N46: =IF(K46=0,"",L46/K46) | O46: =IF(K46=0,"لا ينطبق",IF(L46>=K46,"مكتمل",IF(L46=0,"لا يوجد","عجز"))) | P46: =IF(CAP<=$D$4,D46*CAP/$D$4,IF(CAP>=$J$4,J46*CAP/$J$4,INDEX($D46:$J46,$D$3)+$E$3*(INDEX($D46:$J46,$D$3+1)-INDEX($D46:$J46,$D$3))))
... A49: 45 | B49: طبيب | C49: أخصائي أمراض جلدية وتناسلية | D49: 1 | E49: 1 | F49: 1 | G49: 2 | H49: 3 | I49: 4 | J49: 5 | K49: =IF(RMODE="تقريب لأعلى",ROUNDUP(P49,0),ROUND(P49,0)) | M49: =L49-K49 | N49: =IF(K49=0,"",L49/K49) | O49: =IF(K49=0,"لا ينطبق",IF(L49>=K49,"مكتمل",IF(L49=0,"لا يوجد","عجز"))) | P49: =IF(CAP<=$D$4,D49*CAP/$D$4,IF(CAP>=$J$4,J49*CAP/$J$4,INDEX($D49:$J49,$D$3)+$E$3*(INDEX($D49:$J49,$D$3+1)-INDEX($D49:$J49,$D$3))))
A50: 46 | B50: طبيب | C50: استشاري طب طبيعي وتأهيل | D50: 0 | E50: 0 | F50: 0 | G50: 1 | H50: 2 | I50: 2 | J50: 3 | K50: =IF(RMODE="تقريب لأعلى",ROUNDUP(P50,0),ROUND(P50,0)) | M50: =L50-K50 | N50: =IF(K50=0,"",L50/K50) | O50: =IF(K50=0,"لا ينطبق",IF(L50>=K50,"مكتمل",IF(L50=0,"لا يوجد","عجز"))) | P50: =IF(CAP<=$D$4,D50*CAP/$D$4,IF(CAP>=$J$4,J50*CAP/$J$4,INDEX($D50:$J50,$D$3)+$E$3*(INDEX($D50:$J50,$D$3+1)-INDEX($D50:$J50,$D$3)))) | Q50: إيضاح 34: يعتمد في المستشفيات التي بها مركز تأهيل معتمد
A51: 47 | B51: طبيب | C51: أخصائي طب طبيعي وتأهيل | D51: 0 | E51: 0 | F51: 0 | G51: 1 | H51: 2 | I51: 2 | J51: 3 | K51: =IF(RMODE="تقريب لأعلى",ROUNDUP(P51,0),ROUND(P51,0)) | M51: =L51-K51 | N51: =IF(K51=0,"",L51/K51) | O51: =IF(K51=0,"لا ينطبق",IF(L51>=K51,"مكتمل",IF(L51=0,"لا يوجد","عجز"))) | P51: =IF(CAP<=$D$4,D51*CAP/$D$4,IF(CAP>=$J$4,J51*CAP/$J$4,INDEX($D51:$J51,$D$3)+$E$3*(INDEX($D51:$J51,$D$3+1)-INDEX($D51:$J51,$D$3)))) | Q51: إيضاح 34
A52: 48 | B52: طبيب | C52: مقيم طب طبيعي وتأهيل | D52: 0 | E52: 0 | F52: 0 | G52: 1 | H52: 2 | I52: 2 | J52: 3 | K52: =IF(RMODE="تقريب لأعلى",ROUNDUP(P52,0),ROUND(P52,0)) | M52: =L52-K52 | N52: =IF(K52=0,"",L52/K52) | O52: =IF(K52=0,"لا ينطبق",IF(L52>=K52,"مكتمل",IF(L52=0,"لا يوجد","عجز"))) | P52: =IF(CAP<=$D$4,D52*CAP/$D$4,IF(CAP>=$J$4,J52*CAP/$J$4,INDEX($D52:$J52,$D$3)+$E$3*(INDEX($D52:$J52,$D$3+1)-INDEX($D52:$J52,$D$3)))) | Q52: إيضاح 34
A53: 49 | B53: طبيب | C53: استشاري جراحة عامة | D53: 2 | E53: 3 | F53: 3 | G53: 3 | H53: 4 | I53: 4 | J53: 5 | K53: =IF(RMODE="تقريب لأعلى",ROUNDUP(P53,0),ROUND(P53,0)) | M53: =L53-K53 | N53: =IF(K53=0,"",L53/K53) | O53: =IF(K53=0,"لا ينطبق",IF(L53>=K53,"مكتمل",IF(L53=0,"لا يوجد","عجز"))) | P53: =IF(CAP<=$D$4,D53*CAP/$D$4,IF(CAP>=$J$4,J53*CAP/$J$4,INDEX($D53:$J53,$D$3)+$E$3*(INDEX($D53:$J53,$D$3+1)-INDEX($D53:$J53,$D$3)))) | Q53: إيضاح 19: يعتمد معيار تخصصات الجراحة العامة إذا كان المستشفى مرجعياً
A54: 50 | B54: طبيب | C54: أخصائي جراحة عامة | D54: 3 | E54: 3 | F54: 5 | G54: 5 | H54: 6 | I54: 6 | J54: 10 | K54: =IF(RMODE="تقريب لأعلى",ROUNDUP(P54,0),ROUND(P54,0)) | M54: =L54-K54 | N54: =IF(K54=0,"",L54/K54) | O54: =IF(K54=0,"لا ينطبق",IF(L54>=K54,"مكتمل",IF(L54=0,"لا يوجد","عجز"))) | P54: =IF(CAP<=$D$4,D54*CAP/$D$4,IF(CAP>=$J$4,J54*CAP/$J$4,INDEX($D54:$J54,$D$3)+$E$3*(INDEX($D54:$J54,$D$3+1)-INDEX($D54:$J54,$D$3)))) | Q54: إيضاح 19
A55: 51 | B55: طبيب | C55: مقيم جراحة عامة | D55: 4 | E55: 6 | F55: 8 | G55: 8 | H55: 11 | I55: 13 | J55: 15 | K55: =IF(RMODE="تقريب لأعلى",ROUNDUP(P55,0),ROUND(P55,0)) | M55: =L55-K55 | N55: =IF(K55=0,"",L55/K55) | O55: =IF(K55=0,"لا ينطبق",IF(L55>=K55,"مكتمل",IF(L55=0,"لا يوجد","عجز"))) | P55: =IF(CAP<=$D$4,D55*CAP/$D$4,IF(CAP>=$J$4,J55*CAP/$J$4,INDEX($D55:$J55,$D$3)+$E$3*(INDEX($D55:$J55,$D$3+1)-INDEX($D55:$J55,$D$3)))) | Q55: إيضاح 19
A56: 52 | B56: طبيب | C56: استشاري جراحة غدد صماء وثدي | D56: 0 | E56: 0 | F56: 0 | G56: 0 | H56: 1 | I56: 1 | J56: 2 | K56: =IF(RMODE="تقريب لأعلى",ROUNDUP(P56,0),ROUND(P56,0)) | M56: =L56-K56 | N56: =IF(K56=0,"",L56/K56) | O56: =IF(K56=0,"لا ينطبق",IF(L56>=K56,"مكتمل",IF(L56=0,"لا يوجد","عجز"))) | P56: =IF(CAP<=$D$4,D56*CAP/$D$4,IF(CAP>=$J$4,J56*CAP/$J$4,INDEX($D56:$J56,$D$3)+$E$3*(INDEX($D56:$J56,$D$3+1)-INDEX($D56:$J56,$D$3))))
A57: 53 | B57: طبيب | C57: أخصائي جراحة غدد صماء وثدي | D57: 0 | E57: 0 | F57: 0 | G57: 0 | H57: 1 | I57: 1 | J57: 2 | K57: =IF(RMODE="تقريب لأعلى",ROUNDUP(P57,0),ROUND(P57,0)) | M57: =L57-K57 | N57: =IF(K57=0,"",L57/K57) | O57: =IF(K57=0,"لا ينطبق",IF(L57>=K57,"مكتمل",IF(L57=0,"لا يوجد","عجز"))) | P57: =IF(CAP<=$D$4,D57*CAP/$D$4,IF(CAP>=$J$4,J57*CAP/$J$4,INDEX($D57:$J57,$D$3)+$E$3*(INDEX($D57:$J57,$D$3+1)-INDEX($D57:$J57,$D$3))))
A58: 54 | B58: طبيب | C58: استشاري جراحة كبد وقنوات مرارية | D58: 0 | E58: 0 | F58: 0 | G58: 0 | H58: 1 | I58: 1 | J58: 2 | K58: =IF(RMODE="تقريب لأعلى",ROUNDUP(P58,0),ROUND(P58,0)) | M58: =L58-K58 | N58: =IF(K58=0,"",L58/K58) | O58: =IF(K58=0,"لا ينطبق",IF(L58>=K58,"مكتمل",IF(L58=0,"لا يوجد","عجز"))) | P58: =IF(CAP<=$D$4,D58*CAP/$D$4,IF(CAP>=$J$4,J58*CAP/$J$4,INDEX($D58:$J58,$D$3)+$E$3*(INDEX($D58:$J58,$D$3+1)-INDEX($D58:$J58,$D$3))))
A59: 55 | B59: طبيب | C59: أخصائي جراحة كبد وقنوات مرارية | D59: 0 | E59: 0 | F59: 0 | G59: 0 | H59: 1 | I59: 1 | J59: 2 | K59: =IF(RMODE="تقريب لأعلى",ROUNDUP(P59,0),ROUND(P59,0)) | M59: =L59-K59 | N59: =IF(K59=0,"",L59/K59) | O59: =IF(K59=0,"لا ينطبق",IF(L59>=K59,"مكتمل",IF(L59=0,"لا يوجد","عجز"))) | P59: =IF(CAP<=$D$4,D59*CAP/$D$4,IF(CAP>=$J$4,J59*CAP/$J$4,INDEX($D59:$J59,$D$3)+$E$3*(INDEX($D59:$J59,$D$3+1)-INDEX($D59:$J59,$D$3))))
A60: 56 | B60: طبيب | C60: استشاري جراحة قولون ومستقيم | D60: 0 | E60: 0 | F60: 0 | G60: 0 | H60: 1 | I60: 1 | J60: 2 | K60: =IF(RMODE="تقريب لأعلى",ROUNDUP(P60,0),ROUND(P60,0)) | M60: =L60-K60 | N60: =IF(K60=0,"",L60/K60) | O60: =IF(K60=0,"لا ينطبق",IF(L60>=K60,"مكتمل",IF(L60=0,"لا يوجد","عجز"))) | P60: =IF(CAP<=$D$4,D60*CAP/$D$4,IF(CAP>=$J$4,J60*CAP/$J$4,INDEX($D60:$J60,$D$3)+$E$3*(INDEX($D60:$J60,$D$3+1)-INDEX($D60:$J60,$D$3))))
A61: 57 | B61: طبيب | C61: أخصائي جراحة قولون ومستقيم | D61: 0 | E61: 0 | F61: 0 | G61: 0 | H61: 1 | I61: 1 | J61: 2 | K61: =IF(RMODE="تقريب لأعلى",ROUNDUP(P61,0),ROUND(P61,0)) | M61: =L61-K61 | N61: =IF(K61=0,"",L61/K61) | O61: =IF(K61=0,"لا ينطبق",IF(L61>=K61,"مكتمل",IF(L61=0,"لا يوجد","عجز"))) | P61: =IF(CAP<=$D$4,D61*CAP/$D$4,IF(CAP>=$J$4,J61*CAP/$J$4,INDEX($D61:$J61,$D$3)+$E$3*(INDEX($D61:$J61,$D$3+1)-INDEX($D61:$J61,$D$3))))
A62: 58 | B62: طبيب | C62: استشاري جراحة سمنة | D62: 0 | E62: 0 | F62: 0 | G62: 1 | H62: 3 | I62: 3 | J62: 4 | K62: =IF(RMODE="تقريب لأعلى",ROUNDUP(P62,0),ROUND(P62,0)) | M62: =L62-K62 | N62: =IF(K62=0,"",L62/K62) | O62: =IF(K62=0,"لا ينطبق",IF(L62>=K62,"مكتمل",IF(L62=0,"لا يوجد","عجز"))) | P62: =IF(CAP<=$D$4,D62*CAP/$D$4,IF(CAP>=$J$4,J62*CAP/$J$4,INDEX($D62:$J62,$D$3)+$E$3*(INDEX($D62:$J62,$D$3+1)-INDEX($D62:$J62,$D$3)))) | Q62: إيضاح 41: يطبق في حال كان المركز معتمداً
A63: 59 | B63: طبيب | C63: أخصائي جراحة سمنة | D63: 0 | E63: 0 | F63: 0 | G63: 0 | H63: 1 | I63: 1 | J63: 2 | K63: =IF(RMODE="تقريب لأعلى",ROUNDUP(P63,0),ROUND(P63,0)) | M63: =L63-K63 | N63: =IF(K63=0,"",L63/K63) | O63: =IF(K63=0,"لا ينطبق",IF(L63>=K63,"مكتمل",IF(L63=0,"لا يوجد","عجز"))) | P63: =IF(CAP<=$D$4,D63*CAP/$D$4,IF(CAP>=$J$4,J63*CAP/$J$4,INDEX($D63:$J63,$D$3)+$E$3*(INDEX($D63:$J63,$D$3+1)-INDEX($D63:$J63,$D$3)))) | Q63: إيضاح 41
A64: 60 | B64: طبيب | C64: استشاري جراحة جهاز هضمي | D64: 0 | E64: 0 | F64: 0 | G64: 0 | H64: 1 | I64: 1 | J64: 2 | K64: =IF(RMODE="تقريب لأعلى",ROUNDUP(P64,0),ROUND(P64,0)) | M64: =L64-K64 | N64: =IF(K64=0,"",L64/K64) | O64: =IF(K64=0,"لا ينطبق",IF(L64>=K64,"مكتمل",IF(L64=0,"لا يوجد","عجز"))) | P64: =IF(CAP<=$D$4,D64*CAP/$D$4,IF(CAP>=$J$4,J64*CAP/$J$4,INDEX($D64:$J64,$D$3)+$E$3*(INDEX($D64:$J64,$D$3+1)-INDEX($D64:$J64,$D$3))))
A65: 61 | B65: طبيب | C65: أخصائي جراحة جهاز هضمي | D65: 0 | E65: 0 | F65: 0 | G65: 0 | H65: 1 | I65: 1 | J65: 2 | K65: =IF(RMODE="تقريب لأعلى",ROUNDUP(P65,0),ROUND(P65,0)) | M65: =L65-K65 | N65: =IF(K65=0,"",L65/K65) | O65: =IF(K65=0,"لا ينطبق",IF(L65>=K65,"مكتمل",IF(L65=0,"لا يوجد","عجز"))) | P65: =IF(CAP<=$D$4,D65*CAP/$D$4,IF(CAP>=$J$4,J65*CAP/$J$4,INDEX($D65:$J65,$D$3)+$E$3*(INDEX($D65:$J65,$D$3+1)-INDEX($D65:$J65,$D$3))))
A66: 62 | B66: طبيب | C66: استشاري مسالك بولية | D66: 0 | E66: 1 | F66: 1 | G66: 4 | H66: 4 | I66: 4 | J66: 5 | K66: =IF(RMODE="تقريب لأعلى",ROUNDUP(P66,0),ROUND(P66,0)) | M66: =L66-K66 | N66: =IF(K66=0,"",L66/K66) | O66: =IF(K66=0,"لا ينطبق",IF(L66>=K66,"مكتمل",IF(L66=0,"لا يوجد","عجز"))) | P66: =IF(CAP<=$D$4,D66*CAP/$D$4,IF(CAP>=$J$4,J66*CAP/$J$4,INDEX($D66:$J66,$D$3)+$E$3*(INDEX($D66:$J66,$D$3+1)-INDEX($D66:$J66,$D$3)))) | Q66: إيضاح 36 للمستشفيات التخصصية 500 سرير فأكثر
A67: 63 | B67: طبيب | C67: أخصائي مسالك بولية | D67: 2 | E67: 2 | F67: 2 | G67: 2 | H67: 3 | I67: 3 | J67: 3 | K67: =IF(RMODE="تقريب لأعلى",ROUNDUP(P67,0),ROUND(P67,0)) | M67: =L67-K67 | N67: =IF(K67=0,"",L67/K67) | O67: =IF(K67=0,"لا ينطبق",IF(L67>=K67,"مكتمل",IF(L67=0,"لا يوجد","عجز"))) | P67: =IF(CAP<=$D$4,D67*CAP/$D$4,IF(CAP>=$J$4,J67*CAP/$J$4,INDEX($D67:$J67,$D$3)+$E$3*(INDEX($D67:$J67,$D$3+1)-INDEX($D67:$J67,$D$3))))
A68: 64 | B68: طبيب | C68: مقيم مسالك بولية | D68: 0 | E68: 0 | F68: 1 | G68: 2 | H68: 4 | I68: 4 | J68: 4 | K68: =IF(RMODE="تقريب لأعلى",ROUNDUP(P68,0),ROUND(P68,0)) | M68: =L68-K68 | N68: =IF(K68=0,"",L68/K68) | O68: =IF(K68=0,"لا ينطبق",IF(L68>=K68,"مكتمل",IF(L68=0,"لا يوجد","عجز"))) | P68: =IF(CAP<=$D$4,D68*CAP/$D$4,IF(CAP>=$J$4,J68*CAP/$J$4,INDEX($D68:$J68,$D$3)+$E$3*(INDEX($D68:$J68,$D$3+1)-INDEX($D68:$J68,$D$3))))
A69: 65 | B69: طبيب | C69: استشاري عظام | D69: 0 | E69: 3 | F69: 3 | G69: 4 | H69: 4 | I69: 5 | J69: 6 | K69: =IF(RMODE="تقريب لأعلى",ROUNDUP(P69,0),ROUND(P69,0)) | M69: =L69-K69 | N69: =IF(K69=0,"",L69/K69) | O69: =IF(K69=0,"لا ينطبق",IF(L69>=K69,"مكتمل",IF(L69=0,"لا يوجد","عجز"))) | P69: =IF(CAP<=$D$4,D69*CAP/$D$4,IF(CAP>=$J$4,J69*CAP/$J$4,INDEX($D69:$J69,$D$3)+$E$3*(INDEX($D69:$J69,$D$3+1)-INDEX($D69:$J69,$D$3)))) | Q69: إيضاح 20: يعتمد معيار العظام إذا كان المستشفى مرجعياً
A70: 66 | B70: طبيب | C70: أخصائي عظام | D70: 2 | E70: 4 | F70: 4 | G70: 5 | H70: 5 | I70: 8 | J70: 8 | K70: =IF(RMODE="تقريب لأعلى",ROUNDUP(P70,0),ROUND(P70,0)) | M70: =L70-K70 | N70: =IF(K70=0,"",L70/K70) | O70: =IF(K70=0,"لا ينطبق",IF(L70>=K70,"مكتمل",IF(L70=0,"لا يوجد","عجز"))) | P70: =IF(CAP<=$D$4,D70*CAP/$D$4,IF(CAP>=$J$4,J70*CAP/$J$4,INDEX($D70:$J70,$D$3)+$E$3*(INDEX($D70:$J70,$D$3+1)-INDEX($D70:$J70,$D$3)))) | Q70: إيضاح 20
A71: 67 | B71: طبيب | C71: مقيم عظام | D71: 0 | E71: 4 | F71: 4 | G71: 5 | H71: 5 | I71: 6 | J71: 6 | K71: =IF(RMODE="تقريب لأعلى",ROUNDUP(P71,0),ROUND(P71,0)) | M71: =L71-K71 | N71: =IF(K71=0,"",L71/K71) | O71: =IF(K71=0,"لا ينطبق",IF(L71>=K71,"مكتمل",IF(L71=0,"لا يوجد","عجز"))) | P71: =IF(CAP<=$D$4,D71*CAP/$D$4,IF(CAP>=$J$4,J71*CAP/$J$4,INDEX($D71:$J71,$D$3)+$E$3*(INDEX($D71:$J71,$D$3+1)-INDEX($D71:$J71,$D$3)))) | Q71: إيضاح 20
A72: 68 | B72: طبيب | C72: استشاري عيون | D72: 0 | E72: 1 | F72: 1 | G72: 2 | H72: 4 | I72: 5 | J72: 5 | K72: =IF(RMODE="تقريب لأعلى",ROUNDUP(P72,0),ROUND(P72,0)) | M72: =L72-K72 | N72: =IF(K72=0,"",L72/K72) | O72: =IF(K72=0,"لا ينطبق",IF(L72>=K72,"مكتمل",IF(L72=0,"لا يوجد","عجز"))) | P72: =IF(CAP<=$D$4,D72*CAP/$D$4,IF(CAP>=$J$4,J72*CAP/$J$4,INDEX($D72:$J72,$D$3)+$E$3*(INDEX($D72:$J72,$D$3+1)-INDEX($D72:$J72,$D$3))))
A73: 69 | B73: طبيب | C73: أخصائي عيون | D73: 1 | E73: 1 | F73: 2 | G73: 3 | H73: 3 | I73: 4 | J73: 4 | K73: =IF(RMODE="تقريب لأعلى",ROUNDUP(P73,0),ROUND(P73,0)) | M73: =L73-K73 | N73: =IF(K73=0,"",L73/K73) | O73: =IF(K73=0,"لا ينطبق",IF(L73>=K73,"مكتمل",IF(L73=0,"لا يوجد","عجز"))) | P73: =IF(CAP<=$D$4,D73*CAP/$D$4,IF(CAP>=$J$4,J73*CAP/$J$4,INDEX($D73:$J73,$D$3)+$E$3*(INDEX($D73:$J73,$D$3+1)-INDEX($D73:$J73,$D$3))))
A74: 70 | B74: طبيب | C74: مقيم عيون | D74: 1 | E74: 1 | F74: 2 | G74: 3 | H74: 4 | I74: 4 | J74: 4 | K74: =IF(RMODE="تقريب لأعلى",ROUNDUP(P74,0),ROUND(P74,0)) | M74: =L74-K74 | N74: =IF(K74=0,"",L74/K74) | O74: =IF(K74=0,"لا ينطبق",IF(L74>=K74,"مكتمل",IF(L74=0,"لا يوجد","عجز"))) | P74: =IF(CAP<=$D$4,D74*CAP/$D$4,IF(CAP>=$J$4,J74*CAP/$J$4,INDEX($D74:$J74,$D$3)+$E$3*(INDEX($D74:$J74,$D$3+1)-INDEX($D74:$J74,$D$3))))
A75: 71 | B75: طبيب | C75: استشاري أنف وأذن وحنجرة | D75: 0 | E75: 1 | F75: 1 | G75: 2 | H75: 3 | I75: 4 | J75: 6 | K75: =IF(RMODE="تقريب لأعلى",ROUNDUP(P75,0),ROUND(P75,0)) | M75: =L75-K75 | N75: =IF(K75=0,"",L75/K75) | O75: =IF(K75=0,"لا ينطبق",IF(L75>=K75,"مكتمل",IF(L75=0,"لا يوجد","عجز"))) | P75: =IF(CAP<=$D$4,D75*CAP/$D$4,IF(CAP>=$J$4,J75*CAP/$J$4,INDEX($D75:$J75,$D$3)+$E$3*(INDEX($D75:$J75,$D$3+1)-INDEX($D75:$J75,$D$3))))
A76: 72 | B76: طبيب | C76: أخصائي أنف وأذن وحنجرة | D76: 1 | E76: 2 | F76: 2 | G76: 2 | H76: 3 | I76: 3 | J76: 4 | K76: =IF(RMODE="تقريب لأعلى",ROUNDUP(P76,0),ROUND(P76,0)) | M76: =L76-K76 | N76: =IF(K76=0,"",L76/K76) | O76: =IF(K76=0,"لا ينطبق",IF(L76>=K76,"مكتمل",IF(L76=0,"لا يوجد","عجز"))) | P76: =IF(CAP<=$D$4,D76*CAP/$D$4,IF(CAP>=$J$4,J76*CAP/$J$4,INDEX($D76:$J76,$D$3)+$E$3*(INDEX($D76:$J76,$D$3+1)-INDEX($D76:$J76,$D$3))))
A77: 73 | B77: طبيب | C77: مقيم أنف وأذن وحنجرة | D77: 0 | E77: 0 | F77: 0 | G77: 0 | H77: 3 | I77: 3 | J77: 5 | K77: =IF(RMODE="تقريب لأعلى",ROUNDUP(P77,0),ROUND(P77,0)) | M77: =L77-K77 | N77: =IF(K77=0,"",L77/K77) | O77: =IF(K77=0,"لا ينطبق",IF(L77>=K77,"مكتمل",IF(L77=0,"لا يوجد","عجز"))) | P77: =IF(CAP<=$D$4,D77*CAP/$D$4,IF(CAP>=$J$4,J77*CAP/$J$4,INDEX($D77:$J77,$D$3)+$E$3*(INDEX($D77:$J77,$D$3+1)-INDEX($D77:$J77,$D$3))))
A78: 74 | B78: طبيب | C78: استشاري سمعيات | D78: 0 | E78: 0 | F78: 1 | G78: 2 | H78: 2 | I78: 3 | J78: 3 | K78: =IF(RMODE="تقريب لأعلى",ROUNDUP(P78,0),ROUND(P78,0)) | M78: =L78-K78 | N78: =IF(K78=0,"",L78/K78) | O78: =IF(K78=0,"لا ينطبق",IF(L78>=K78,"مكتمل",IF(L78=0,"لا يوجد","عجز"))) | P78: =IF(CAP<=$D$4,D78*CAP/$D$4,IF(CAP>=$J$4,J78*CAP/$J$4,INDEX($D78:$J78,$D$3)+$E$3*(INDEX($D78:$J78,$D$3+1)-INDEX($D78:$J78,$D$3))))
A79: 75 | B79: طبيب | C79: أخصائي سمعيات | D79: 0 | E79: 1 | F79: 1 | G79: 2 | H79: 3 | I79: 3 | J79: 4 | K79: =IF(RMODE="تقريب لأعلى",ROUNDUP(P79,0),ROUND(P79,0)) | M79: =L79-K79 | N79: =IF(K79=0,"",L79/K79) | O79: =IF(K79=0,"لا ينطبق",IF(L79>=K79,"مكتمل",IF(L79=0,"لا يوجد","عجز"))) | P79: =IF(CAP<=$D$4,D79*CAP/$D$4,IF(CAP>=$J$4,J79*CAP/$J$4,INDEX($D79:$J79,$D$3)+$E$3*(INDEX($D79:$J79,$D$3+1)-INDEX($D79:$J79,$D$3))))
A80: 76 | B80: طبيب | C80: استشاري زراعة القوقعة | D80: 0 | E80: 0 | F80: 0 | G80: 0 | H80: 1 | I80: 1 | J80: 2 | K80: =IF(RMODE="تقريب لأعلى",ROUNDUP(P80,0),ROUND(P80,0)) | M80: =L80-K80 | N80: =IF(K80=0,"",L80/K80) | O80: =IF(K80=0,"لا ينطبق",IF(L80>=K80,"مكتمل",IF(L80=0,"لا يوجد","عجز"))) | P80: =IF(CAP<=$D$4,D80*CAP/$D$4,IF(CAP>=$J$4,J80*CAP/$J$4,INDEX($D80:$J80,$D$3)+$E$3*(INDEX($D80:$J80,$D$3+1)-INDEX($D80:$J80,$D$3)))) | Q80: إيضاح 38: يطبق في حال اعتماد مركز متخصص لزراعة القوقعة
A81: 77 | B81: طبيب | C81: استشاري أمراض تخاطب | D81: 0 | E81: 0 | F81: 1 | G81: 1 | H81: 2 | I81: 2 | J81: 3 | K81: =IF(RMODE="تقريب لأعلى",ROUNDUP(P81,0),ROUND(P81,0)) | M81: =L81-K81 | N81: =IF(K81=0,"",L81/K81) | O81: =IF(K81=0,"لا ينطبق",IF(L81>=K81,"مكتمل",IF(L81=0,"لا يوجد","عجز"))) | P81: =IF(CAP<=$D$4,D81*CAP/$D$4,IF(CAP>=$J$4,J81*CAP/$J$4,INDEX($D81:$J81,$D$3)+$E$3*(INDEX($D81:$J81,$D$3+1)-INDEX($D81:$J81,$D$3))))
A82: 78 | B82: طبيب | C82: أخصائي أمراض تخاطب | D82: 0 | E82: 0 | F82: 2 | G82: 2 | H82: 3 | I82: 3 | J82: 4 | K82: =IF(RMODE="تقريب لأعلى",ROUNDUP(P82,0),ROUND(P82,0)) | M82: =L82-K82 | N82: =IF(K82=0,"",L82/K82) | O82: =IF(K82=0,"لا ينطبق",IF(L82>=K82,"مكتمل",IF(L82=0,"لا يوجد","عجز"))) | P82: =IF(CAP<=$D$4,D82*CAP/$D$4,IF(CAP>=$J$4,J82*CAP/$J$4,INDEX($D82:$J82,$D$3)+$E$3*(INDEX($D82:$J82,$D$3+1)-INDEX($D82:$J82,$D$3))))
A83: 79 | B83: طبيب | C83: استشاري جراحة مخ وأعصاب | D83: 0 | E83: 1 | F83: 1 | G83: 2 | H83: 3 | I83: 3 | J83: 4 | K83: =IF(RMODE="تقريب لأعلى",ROUNDUP(P83,0),ROUND(P83,0)) | M83: =L83-K83 | N83: =IF(K83=0,"",L83/K83) | O83: =IF(K83=0,"لا ينطبق",IF(L83>=K83,"مكتمل",IF(L83=0,"لا يوجد","عجز"))) | P83: =IF(CAP<=$D$4,D83*CAP/$D$4,IF(CAP>=$J$4,J83*CAP/$J$4,INDEX($D83:$J83,$D$3)+$E$3*(INDEX($D83:$J83,$D$3+1)-INDEX($D83:$J83,$D$3))))
A84: 80 | B84: طبيب | C84: أخصائي جراحة مخ وأعصاب | D84: 0 | E84: 1 | F84: 1 | G84: 2 | H84: 3 | I84: 3 | J84: 3 | K84: =IF(RMODE="تقريب لأعلى",ROUNDUP(P84,0),ROUND(P84,0)) | M84: =L84-K84 | N84: =IF(K84=0,"",L84/K84) | O84: =IF(K84=0,"لا ينطبق",IF(L84>=K84,"مكتمل",IF(L84=0,"لا يوجد","عجز"))) | P84: =IF(CAP<=$D$4,D84*CAP/$D$4,IF(CAP>=$J$4,J84*CAP/$J$4,INDEX($D84:$J84,$D$3)+$E$3*(INDEX($D84:$J84,$D$3+1)-INDEX($D84:$J84,$D$3))))
A85: 81 | B85: طبيب | C85: مقيم جراحة مخ وأعصاب | D85: 0 | E85: 0 | F85: 0 | G85: 0 | H85: 0 | I85: 3 | J85: 4 | K85: =IF(RMODE="تقريب لأعلى",ROUNDUP(P85,0),ROUND(P85,0)) | M85: =L85-K85 | N85: =IF(K85=0,"",L85/K85) | O85: =IF(K85=0,"لا ينطبق",IF(L85>=K85,"مكتمل",IF(L85=0,"لا يوجد","عجز"))) | P85: =IF(CAP<=$D$4,D85*CAP/$D$4,IF(CAP>=$J$4,J85*CAP/$J$4,INDEX($D85:$J85,$D$3)+$E$3*(INDEX($D85:$J85,$D$3+1)-INDEX($D85:$J85,$D$3))))
A86: 82 | B86: طبيب | C86: استشاري جراحة عمود فقري | D86: 0 | E86: 0 | F86: 0 | G86: 0 | H86: 2 | I86: 2 | J86: 3 | K86: =IF(RMODE="تقريب لأعلى",ROUNDUP(P86,0),ROUND(P86,0)) | M86: =L86-K86 | N86: =IF(K86=0,"",L86/K86) | O86: =IF(K86=0,"لا ينطبق",IF(L86>=K86,"مكتمل",IF(L86=0,"لا يوجد","عجز"))) | P86: =IF(CAP<=$D$4,D86*CAP/$D$4,IF(CAP>=$J$4,J86*CAP/$J$4,INDEX($D86:$J86,$D$3)+$E$3*(INDEX($D86:$J86,$D$3+1)-INDEX($D86:$J86,$D$3))))
A87: 83 | B87: طبيب | C87: أخصائي جراحة عمود فقري | D87: 0 | E87: 0 | F87: 0 | G87: 0 | H87: 1 | I87: 2 | J87: 3 | K87: =IF(RMODE="تقريب لأعلى",ROUNDUP(P87,0),ROUND(P87,0)) | M87: =L87-K87 | N87: =IF(K87=0,"",L87/K87) | O87: =IF(K87=0,"لا ينطبق",IF(L87>=K87,"مكتمل",IF(L87=0,"لا يوجد","عجز"))) | P87: =IF(CAP<=$D$4,D87*CAP/$D$4,IF(CAP>=$J$4,J87*CAP/$J$4,INDEX($D87:$J87,$D$3)+$E$3*(INDEX($D87:$J87,$D$3+1)-INDEX($D87:$J87,$D$3))))
A88: 84 | B88: طبيب | C88: استشاري جراحة صدر | D88: 0 | E88: 0 | F88: 0 | G88: 0 | H88: 2 | I88: 3 | J88: 3 | K88: =IF(RMODE="تقريب لأعلى",ROUNDUP(P88,0),ROUND(P88,0)) | M88: =L88-K88 | N88: =IF(K88=0,"",L88/K88) | O88: =IF(K88=0,"لا ينطبق",IF(L88>=K88,"مكتمل",IF(L88=0,"لا يوجد","عجز"))) | P88: =IF(CAP<=$D$4,D88*CAP/$D$4,IF(CAP>=$J$4,J88*CAP/$J$4,INDEX($D88:$J88,$D$3)+$E$3*(INDEX($D88:$J88,$D$3+1)-INDEX($D88:$J88,$D$3))))
A89: 85 | B89: طبيب | C89: أخصائي جراحة صدر | D89: 0 | E89: 0 | F89: 0 | G89: 1 | H89: 2 | I89: 2 | J89: 2 | K89: =IF(RMODE="تقريب لأعلى",ROUNDUP(P89,0),ROUND(P89,0)) | M89: =L89-K89 | N89: =IF(K89=0,"",L89/K89) | O89: =IF(K89=0,"لا ينطبق",IF(L89>=K89,"مكتمل",IF(L89=0,"لا يوجد","عجز"))) | P89: =IF(CAP<=$D$4,D89*CAP/$D$4,IF(CAP>=$J$4,J89*CAP/$J$4,INDEX($D89:$J89,$D$3)+$E$3*(INDEX($D89:$J89,$D$3+1)-INDEX($D89:$J89,$D$3))))
A90: 86 | B90: طبيب | C90: استشاري جراحة أوعية دموية | D90: 0 | E90: 0 | F90: 0 | G90: 1 | H90: 3 | I90: 3 | J90: 4 | K90: =IF(RMODE="تقريب لأعلى",ROUNDUP(P90,0),ROUND(P90,0)) | M90: =L90-K90 | N90: =IF(K90=0,"",L90/K90) | O90: =IF(K90=0,"لا ينطبق",IF(L90>=K90,"مكتمل",IF(L90=0,"لا يوجد","عجز"))) | P90: =IF(CAP<=$D$4,D90*CAP/$D$4,IF(CAP>=$J$4,J90*CAP/$J$4,INDEX($D90:$J90,$D$3)+$E$3*(INDEX($D90:$J90,$D$3+1)-INDEX($D90:$J90,$D$3))))
A91: 87 | B91: طبيب | C91: أخصائي جراحة أوعية دموية | D91: 0 | E91: 0 | F91: 1 | G91: 1 | H91: 2 | I91: 2 | J91: 3 | K91: =IF(RMODE="تقريب لأعلى",ROUNDUP(P91,0),ROUND(P91,0)) | M91: =L91-K91 | N91: =IF(K91=0,"",L91/K91) | O91: =IF(K91=0,"لا ينطبق",IF(L91>=K91,"مكتمل",IF(L91=0,"لا يوجد","عجز"))) | P91: =IF(CAP<=$D$4,D91*CAP/$D$4,IF(CAP>=$J$4,J91*CAP/$J$4,INDEX($D91:$J91,$D$3)+$E$3*(INDEX($D91:$J91,$D$3+1)-INDEX($D91:$J91,$D$3))))
A92: 88 | B92: طبيب | C92: استشاري جراحة تجميل وحروق | D92: 0 | E92: 0 | F92: 0 | G92: 1 | H92: 2 | I92: 3 | J92: 4 | K92: =IF(RMODE="تقريب لأعلى",ROUNDUP(P92,0),ROUND(P92,0)) | M92: =L92-K92 | N92: =IF(K92=0,"",L92/K92) | O92: =IF(K92=0,"لا ينطبق",IF(L92>=K92,"مكتمل",IF(L92=0,"لا يوجد","عجز"))) | P92: =IF(CAP<=$D$4,D92*CAP/$D$4,IF(CAP>=$J$4,J92*CAP/$J$4,INDEX($D92:$J92,$D$3)+$E$3*(INDEX($D92:$J92,$D$3+1)-INDEX($D92:$J92,$D$3))))
... A108: 104 | B108: طبيب | C108: مقيم أمراض نساء وولادة | D108: 4 | E108: 6 | F108: 8 | G108: 10 | H108: 12 | I108: 14 | J108: 16 | K108: =IF(RMODE="تقريب لأعلى",ROUNDUP(P108,0),ROUND(P108,0)) | M108: =L108-K108 | N108: =IF(K108=0,"",L108/K108) | O108: =IF(K108=0,"لا ينطبق",IF(L108>=K108,"مكتمل",IF(L108=0,"لا يوجد","عجز"))) | P108: =IF(CAP<=$D$4,D108*CAP/$D$4,IF(CAP>=$J$4,J108*CAP/$J$4,INDEX($D108:$J108,$D$3)+$E$3*(INDEX($D108:$J108,$D$3+1)-INDEX($D108:$J108,$D$3))))
A109: 105 | B109: طبيب | C109: استشاري عقم وأطفال أنابيب | D109: 0 | E109: 0 | F109: 0 | G109: 1 | H109: 2 | I109: 2 | J109: 3 | K109: =IF(RMODE="تقريب لأعلى",ROUNDUP(P109,0),ROUND(P109,0)) | M109: =L109-K109 | N109: =IF(K109=0,"",L109/K109) | O109: =IF(K109=0,"لا ينطبق",IF(L109>=K109,"مكتمل",IF(L109=0,"لا يوجد","عجز"))) | P109: =IF(CAP<=$D$4,D109*CAP/$D$4,IF(CAP>=$J$4,J109*CAP/$J$4,INDEX($D109:$J109,$D$3)+$E$3*(INDEX($D109:$J109,$D$3+1)-INDEX($D109:$J109,$D$3)))) | Q109: إيضاح 39: يطبق في حال اعتماد مركز للعقم في المنشأة
A110: 106 | B110: طبيب | C110: استشاري تخدير | D110: 1 | E110: 2 | F110: 3 | G110: 5 | H110: 6 | I110: 8 | J110: 12 | K110: =IF(RMODE="تقريب لأعلى",ROUNDUP(P110,0),ROUND(P110,0)) | M110: =L110-K110 | N110: =IF(K110=0,"",L110/K110) | O110: =IF(K110=0,"لا ينطبق",IF(L110>=K110,"مكتمل",IF(L110=0,"لا يوجد","عجز"))) | P110: =IF(CAP<=$D$4,D110*CAP/$D$4,IF(CAP>=$J$4,J110*CAP/$J$4,INDEX($D110:$J110,$D$3)+$E$3*(INDEX($D110:$J110,$D$3+1)-INDEX($D110:$J110,$D$3))))
A111: 107 | B111: طبيب | C111: أخصائي تخدير | D111: 3 | E111: 3 | F111: 4 | G111: 6 | H111: 10 | I111: 14 | J111: 16 | K111: =IF(RMODE="تقريب لأعلى",ROUNDUP(P111,0),ROUND(P111,0)) | M111: =L111-K111 | N111: =IF(K111=0,"",L111/K111) | O111: =IF(K111=0,"لا ينطبق",IF(L111>=K111,"مكتمل",IF(L111=0,"لا يوجد","عجز"))) | P111: =IF(CAP<=$D$4,D111*CAP/$D$4,IF(CAP>=$J$4,J111*CAP/$J$4,INDEX($D111:$J111,$D$3)+$E$3*(INDEX($D111:$J111,$D$3+1)-INDEX($D111:$J111,$D$3))))
A112: 108 | B112: طبيب | C112: مقيم تخدير | D112: 0 | E112: 0 | F112: 3 | G112: 3 | H112: 4 | I112: 5 | J112: 7 | K112: =IF(RMODE="تقريب لأعلى",ROUNDUP(P112,0),ROUND(P112,0)) | M112: =L112-K112 | N112: =IF(K112=0,"",L112/K112) | O112: =IF(K112=0,"لا ينطبق",IF(L112>=K112,"مكتمل",IF(L112=0,"لا يوجد","عجز"))) | P112: =IF(CAP<=$D$4,D112*CAP/$D$4,IF(CAP>=$J$4,J112*CAP/$J$4,INDEX($D112:$J112,$D$3)+$E$3*(INDEX($D112:$J112,$D$3+1)-INDEX($D112:$J112,$D$3))))
A113: 109 | B113: طبيب | C113: استشاري عناية مركزة كبار | D113: 1 | E113: 2 | F113: 3 | G113: 3 | H113: 5 | I113: 7 | J113: 10 | K113: =IF(RMODE="تقريب لأعلى",ROUNDUP(P113,0),ROUND(P113,0)) | M113: =L113-K113 | N113: =IF(K113=0,"",L113/K113) | O113: =IF(K113=0,"لا ينطبق",IF(L113>=K113,"مكتمل",IF(L113=0,"لا يوجد","عجز"))) | P113: =IF(CAP<=$D$4,D113*CAP/$D$4,IF(CAP>=$J$4,J113*CAP/$J$4,INDEX($D113:$J113,$D$3)+$E$3*(INDEX($D113:$J113,$D$3+1)-INDEX($D113:$J113,$D$3)))) | Q113: إيضاح 8: يطبق معيار العنايات المركزة إذا كانت المستشفى تقدم الخدمة ومعتمدة
A114: 110 | B114: طبيب | C114: أخصائي عناية مركزة كبار | D114: 3 | E114: 5 | F114: 8 | G114: 8 | H114: 10 | I114: 15 | J114: 20 | K114: =IF(RMODE="تقريب لأعلى",ROUNDUP(P114,0),ROUND(P114,0)) | M114: =L114-K114 | N114: =IF(K114=0,"",L114/K114) | O114: =IF(K114=0,"لا ينطبق",IF(L114>=K114,"مكتمل",IF(L114=0,"لا يوجد","عجز"))) | P114: =IF(CAP<=$D$4,D114*CAP/$D$4,IF(CAP>=$J$4,J114*CAP/$J$4,INDEX($D114:$J114,$D$3)+$E$3*(INDEX($D114:$J114,$D$3+1)-INDEX($D114:$J114,$D$3)))) | Q114: إيضاح 8
A115: 111 | B115: طبيب | C115: مقيم عناية مركزة كبار | D115: 0 | E115: 0 | F115: 2 | G115: 2 | H115: 3 | I115: 4 | J115: 5 | K115: =IF(RMODE="تقريب لأعلى",ROUNDUP(P115,0),ROUND(P115,0)) | M115: =L115-K115 | N115: =IF(K115=0,"",L115/K115) | O115: =IF(K115=0,"لا ينطبق",IF(L115>=K115,"مكتمل",IF(L115=0,"لا يوجد","عجز"))) | P115: =IF(CAP<=$D$4,D115*CAP/$D$4,IF(CAP>=$J$4,J115*CAP/$J$4,INDEX($D115:$J115,$D$3)+$E$3*(INDEX($D115:$J115,$D$3+1)-INDEX($D115:$J115,$D$3)))) | Q115: إيضاح 8
A116: 112 | B116: طبيب | C116: استشاري عناية مركزة أطفال | D116: 0 | E116: 0 | F116: 2 | G116: 2 | H116: 3 | I116: 4 | J116: 5 | K116: =IF(RMODE="تقريب لأعلى",ROUNDUP(P116,0),ROUND(P116,0)) | M116: =L116-K116 | N116: =IF(K116=0,"",L116/K116) | O116: =IF(K116=0,"لا ينطبق",IF(L116>=K116,"مكتمل",IF(L116=0,"لا يوجد","عجز"))) | P116: =IF(CAP<=$D$4,D116*CAP/$D$4,IF(CAP>=$J$4,J116*CAP/$J$4,INDEX($D116:$J116,$D$3)+$E$3*(INDEX($D116:$J116,$D$3+1)-INDEX($D116:$J116,$D$3)))) | Q116: إيضاح 8
A117: 113 | B117: طبيب | C117: أخصائي عناية مركزة أطفال | D117: 0 | E117: 0 | F117: 4 | G117: 4 | H117: 6 | I117: 8 | J117: 10 | K117: =IF(RMODE="تقريب لأعلى",ROUNDUP(P117,0),ROUND(P117,0)) | M117: =L117-K117 | N117: =IF(K117=0,"",L117/K117) | O117: =IF(K117=0,"لا ينطبق",IF(L117>=K117,"مكتمل",IF(L117=0,"لا يوجد","عجز"))) | P117: =IF(CAP<=$D$4,D117*CAP/$D$4,IF(CAP>=$J$4,J117*CAP/$J$4,INDEX($D117:$J117,$D$3)+$E$3*(INDEX($D117:$J117,$D$3+1)-INDEX($D117:$J117,$D$3)))) | Q117: إيضاح 8
A118: 114 | B118: طبيب | C118: مقيم عناية مركزة أطفال | D118: 0 | E118: 0 | F118: 2 | G118: 2 | H118: 3 | I118: 4 | J118: 5 | K118: =IF(RMODE="تقريب لأعلى",ROUNDUP(P118,0),ROUND(P118,0)) | M118: =L118-K118 | N118: =IF(K118=0,"",L118/K118) | O118: =IF(K118=0,"لا ينطبق",IF(L118>=K118,"مكتمل",IF(L118=0,"لا يوجد","عجز"))) | P118: =IF(CAP<=$D$4,D118*CAP/$D$4,IF(CAP>=$J$4,J118*CAP/$J$4,INDEX($D118:$J118,$D$3)+$E$3*(INDEX($D118:$J118,$D$3+1)-INDEX($D118:$J118,$D$3)))) | Q118: إيضاح 8
A119: 115 | B119: طبيب | C119: استشاري عناية مركزة أطفال حديثي الولادة | D119: 0 | E119: 2 | F119: 2 | G119: 3 | H119: 4 | I119: 5 | J119: 8 | K119: =IF(RMODE="تقريب لأعلى",ROUNDUP(P119,0),ROUND(P119,0)) | M119: =L119-K119 | N119: =IF(K119=0,"",L119/K119) | O119: =IF(K119=0,"لا ينطبق",IF(L119>=K119,"مكتمل",IF(L119=0,"لا يوجد","عجز"))) | P119: =IF(CAP<=$D$4,D119*CAP/$D$4,IF(CAP>=$J$4,J119*CAP/$J$4,INDEX($D119:$J119,$D$3)+$E$3*(INDEX($D119:$J119,$D$3+1)-INDEX($D119:$J119,$D$3)))) | Q119: إيضاح 8
A120: 116 | B120: طبيب | C120: أخصائي عناية مركزة أطفال حديثي الولادة | D120: 2 | E120: 4 | F120: 5 | G120: 6 | H120: 8 | I120: 10 | J120: 16 | K120: =IF(RMODE="تقريب لأعلى",ROUNDUP(P120,0),ROUND(P120,0)) | M120: =L120-K120 | N120: =IF(K120=0,"",L120/K120) | O120: =IF(K120=0,"لا ينطبق",IF(L120>=K120,"مكتمل",IF(L120=0,"لا يوجد","عجز"))) | P120: =IF(CAP<=$D$4,D120*CAP/$D$4,IF(CAP>=$J$4,J120*CAP/$J$4,INDEX($D120:$J120,$D$3)+$E$3*(INDEX($D120:$J120,$D$3+1)-INDEX($D120:$J120,$D$3)))) | Q120: إيضاح 8
A121: 117 | B121: طبيب | C121: مقيم عناية مركزة أطفال حديثي الولادة | D121: 2 | E121: 2 | F121: 2 | G121: 2 | H121: 3 | I121: 4 | J121: 5 | K121: =IF(RMODE="تقريب لأعلى",ROUNDUP(P121,0),ROUND(P121,0)) | M121: =L121-K121 | N121: =IF(K121=0,"",L121/K121) | O121: =IF(K121=0,"لا ينطبق",IF(L121>=K121,"مكتمل",IF(L121=0,"لا يوجد","عجز"))) | P121: =IF(CAP<=$D$4,D121*CAP/$D$4,IF(CAP>=$J$4,J121*CAP/$J$4,INDEX($D121:$J121,$D$3)+$E$3*(INDEX($D121:$J121,$D$3+1)-INDEX($D121:$J121,$D$3)))) | Q121: إيضاح 8
A122: 118 | B122: طبيب | C122: استشاري طوارئ | D122: 0 | E122: 6 | F122: 7 | G122: 8 | H122: 9 | I122: 9 | J122: 13 | K122: =IF(RMODE="تقريب لأعلى",ROUNDUP(P122,0),ROUND(P122,0)) | M122: =L122-K122 | N122: =IF(K122=0,"",L122/K122) | O122: =IF(K122=0,"لا ينطبق",IF(L122>=K122,"مكتمل",IF(L122=0,"لا يوجد","عجز"))) | P122: =IF(CAP<=$D$4,D122*CAP/$D$4,IF(CAP>=$J$4,J122*CAP/$J$4,INDEX($D122:$J122,$D$3)+$E$3*(INDEX($D122:$J122,$D$3+1)-INDEX($D122:$J122,$D$3)))) | Q122: إيضاحات 16-18: العدد يجب أن يغطي العمل على مدار الساعة بنظام الورديات
A123: 119 | B123: طبيب | C123: أخصائي طوارئ | D123: 5 | E123: 6 | F123: 6 | G123: 7 | H123: 8 | I123: 8 | J123: 8 | K123: =IF(RMODE="تقريب لأعلى",ROUNDUP(P123,0),ROUND(P123,0)) | M123: =L123-K123 | N123: =IF(K123=0,"",L123/K123) | O123: =IF(K123=0,"لا ينطبق",IF(L123>=K123,"مكتمل",IF(L123=0,"لا يوجد","عجز"))) | P123: =IF(CAP<=$D$4,D123*CAP/$D$4,IF(CAP>=$J$4,J123*CAP/$J$4,INDEX($D123:$J123,$D$3)+$E$3*(INDEX($D123:$J123,$D$3+1)-INDEX($D123:$J123,$D$3)))) | Q123: إيضاحات 16-18
A124: 120 | B124: طبيب | C124: مقيم طوارئ | D124: 7 | E124: 10 | F124: 12 | G124: 12 | H124: 12 | I124: 16 | J124: 20 | K124: =IF(RMODE="تقريب لأعلى",ROUNDUP(P124,0),ROUND(P124,0)) | M124: =L124-K124 | N124: =IF(K124=0,"",L124/K124) | O124: =IF(K124=0,"لا ينطبق",IF(L124>=K124,"مكتمل",IF(L124=0,"لا يوجد","عجز"))) | P124: =IF(CAP<=$D$4,D124*CAP/$D$4,IF(CAP>=$J$4,J124*CAP/$J$4,INDEX($D124:$J124,$D$3)+$E$3*(INDEX($D124:$J124,$D$3+1)-INDEX($D124:$J124,$D$3)))) | Q124: إيضاحات 16-18
...

Sheet عام - أخصائي غير طبيب
A1: عام - أخصائي غير طبيب
A2: الملحق (1) — أخصائي غير طبيب، ويشمل التمريض والقبالة (صفحات 26-27)
C3: معاملا الاستيفاء ◄ | D3: =IFERROR(MATCH(CAP,$D$4:$J$4,1),1) | E3: =IF(OR(CAP<=$D$4,CAP>=$J$4),0,(CAP-INDEX($D$4:$J$4,$D$3))/(INDEX($D$4:$J$4,$D$3+1)-INDEX($D$4:$J$4,$D$3)))
A4: م | B4: الفئة | C4: المسمى الوظيفي | D4: 50 | E4: 100 | F4: 150 | G4: 200 | H4: 300 | I4: 400 | J4: 500 | K4: الاحتياج للسعة المدخلة | L4: الموجود فعلياً | M4: الفجوة (+فائض / -عجز) | N4: نسبة التغطية | O4: الحالة | P4: القيمة قبل التقريب | Q4: ملاحظات
A5: 1 | B5: أخصائي غير طبيب | C5: أخصائي أشعة | D5: 9 | E5: 22 | F5: 42 | G5: 42 | H5: 70 | I5: 108 | J5: 108 | K5: =IF(RMODE="تقريب لأعلى",ROUNDUP(P5,0),ROUND(P5,0)) | M5: =L5-K5 | N5: =IF(K5=0,"",L5/K5) | O5: =IF(K5=0,"لا ينطبق",IF(L5>=K5,"مكتمل",IF(L5=0,"لا يوجد","عجز"))) | P5: =IF(CAP<=$D$4,D5*CAP/$D$4,IF(CAP>=$J$4,J5*CAP/$J$4,INDEX($D5:$J5,$D$3)+$E$3*(INDEX($D5:$J5,$D$3+1)-INDEX($D5:$J5,$D$3))))
A6: 2 | B6: أخصائي غير طبيب | C6: أخصائي أول أشعة | D6: 1 | E6: 4 | F6: 5 | G6: 5 | H6: 7 | I6: 12 | J6: 14 | K6: =IF(RMODE="تقريب لأعلى",ROUNDUP(P6,0),ROUND(P6,0)) | M6: =L6-K6 | N6: =IF(K6=0,"",L6/K6) | O6: =IF(K6=0,"لا ينطبق",IF(L6>=K6,"مكتمل",IF(L6=0,"لا يوجد","عجز"))) | P6: =IF(CAP<=$D$4,D6*CAP/$D$4,IF(CAP>=$J$4,J6*CAP/$J$4,INDEX($D6:$J6,$D$3)+$E$3*(INDEX($D6:$J6,$D$3+1)-INDEX($D6:$J6,$D$3))))
A7: 3 | B7: أخصائي غير طبيب | C7: أخصائي استشاري أشعة | D7: 0 | E7: 0 | F7: 1 | G7: 2 | H7: 3 | I7: 8 | J7: 10 | K7: =IF(RMODE="تقريب لأعلى",ROUNDUP(P7,0),ROUND(P7,0)) | M7: =L7-K7 | N7: =IF(K7=0,"",L7/K7) | O7: =IF(K7=0,"لا ينطبق",IF(L7>=K7,"مكتمل",IF(L7=0,"لا يوجد","عجز"))) | P7: =IF(CAP<=$D$4,D7*CAP/$D$4,IF(CAP>=$J$4,J7*CAP/$J$4,INDEX($D7:$J7,$D$3)+$E$3*(INDEX($D7:$J7,$D$3+1)-INDEX($D7:$J7,$D$3))))
A8: 4 | B8: أخصائي غير طبيب | C8: أخصائي طب نووي (غير طبيب) | D8: 0 | E8: 0 | F8: 0 | G8: 0 | H8: 4 | I8: 7 | J8: 7 | K8: =IF(RMODE="تقريب لأعلى",ROUNDUP(P8,0),ROUND(P8,0)) | M8: =L8-K8 | N8: =IF(K8=0,"",L8/K8) | O8: =IF(K8=0,"لا ينطبق",IF(L8>=K8,"مكتمل",IF(L8=0,"لا يوجد","عجز"))) | P8: =IF(CAP<=$D$4,D8*CAP/$D$4,IF(CAP>=$J$4,J8*CAP/$J$4,INDEX($D8:$J8,$D$3)+$E$3*(INDEX($D8:$J8,$D$3+1)-INDEX($D8:$J8,$D$3))))
A9: 5 | B9: أخصائي غير طبيب | C9: أخصائي استشاري فيزياء طبية | D9: 0 | E9: 0 | F9: 0 | G9: 1 | H9: 1 | I9: 2 | J9: 2 | K9: =IF(RMODE="تقريب لأعلى",ROUNDUP(P9,0),ROUND(P9,0)) | M9: =L9-K9 | N9: =IF(K9=0,"",L9/K9) | O9: =IF(K9=0,"لا ينطبق",IF(L9>=K9,"مكتمل",IF(L9=0,"لا يوجد","عجز"))) | P9: =IF(CAP<=$D$4,D9*CAP/$D$4,IF(CAP>=$J$4,J9*CAP/$J$4,INDEX($D9:$J9,$D$3)+$E$3*(INDEX($D9:$J9,$D$3+1)-INDEX($D9:$J9,$D$3))))
A10: 6 | B10: أخصائي غير طبيب | C10: أخصائي أول فيزياء طبية | D10: 0 | E10: 0 | F10: 1 | G10: 1 | H10: 1 | I10: 2 | J10: 2 | K10: =IF(RMODE="تقريب لأعلى",ROUNDUP(P10,0),ROUND(P10,0)) | M10: =L10-K10 | N10: =IF(K10=0,"",L10/K10) | O10: =IF(K10=0,"لا ينطبق",IF(L10>=K10,"مكتمل",IF(L10=0,"لا يوجد","عجز"))) | P10: =IF(CAP<=$D$4,D10*CAP/$D$4,IF(CAP>=$J$4,J10*CAP/$J$4,INDEX($D10:$J10,$D$3)+$E$3*(INDEX($D10:$J10,$D$3+1)-INDEX($D10:$J10,$D$3))))
A11: 7 | B11: أخصائي غير طبيب | C11: أخصائي فيزياء طبية | D11: 1 | E11: 2 | F11: 2 | G11: 3 | H11: 3 | I11: 3 | J11: 3 | K11: =IF(RMODE="تقريب لأعلى",ROUNDUP(P11,0),ROUND(P11,0)) | M11: =L11-K11 | N11: =IF(K11=0,"",L11/K11) | O11: =IF(K11=0,"لا ينطبق",IF(L11>=K11,"مكتمل",IF(L11=0,"لا يوجد","عجز"))) | P11: =IF(CAP<=$D$4,D11*CAP/$D$4,IF(CAP>=$J$4,J11*CAP/$J$4,INDEX($D11:$J11,$D$3)+$E$3*(INDEX($D11:$J11,$D$3+1)-INDEX($D11:$J11,$D$3))))
A12: 8 | B12: أخصائي غير طبيب | C12: أخصائي مختبر وبنك دم | D12: 6 | E12: 11 | F12: 18 | G12: 20 | H12: 22 | I12: 32 | J12: 45 | K12: =IF(RMODE="تقريب لأعلى",ROUNDUP(P12,0),ROUND(P12,0)) | M12: =L12-K12 | N12: =IF(K12=0,"",L12/K12) | O12: =IF(K12=0,"لا ينطبق",IF(L12>=K12,"مكتمل",IF(L12=0,"لا يوجد","عجز"))) | P12: =IF(CAP<=$D$4,D12*CAP/$D$4,IF(CAP>=$J$4,J12*CAP/$J$4,INDEX($D12:$J12,$D$3)+$E$3*(INDEX($D12:$J12,$D$3+1)-INDEX($D12:$J12,$D$3))))
A13: 9 | B13: أخصائي غير طبيب | C13: أخصائي أول مختبر وبنك دم | D13: 4 | E13: 5 | F13: 6 | G13: 8 | H13: 10 | I13: 10 | J13: 15 | K13: =IF(RMODE="تقريب لأعلى",ROUNDUP(P13,0),ROUND(P13,0)) | M13: =L13-K13 | N13: =IF(K13=0,"",L13/K13) | O13: =IF(K13=0,"لا ينطبق",IF(L13>=K13,"مكتمل",IF(L13=0,"لا يوجد","عجز"))) | P13: =IF(CAP<=$D$4,D13*CAP/$D$4,IF(CAP>=$J$4,J13*CAP/$J$4,INDEX($D13:$J13,$D$3)+$E$3*(INDEX($D13:$J13,$D$3+1)-INDEX($D13:$J13,$D$3))))
A14: 10 | B14: أخصائي غير طبيب | C14: أخصائي استشاري مختبر وبنك دم | D14: 0 | E14: 1 | F14: 1 | G14: 2 | H14: 3 | I14: 5 | J14: 10 | K14: =IF(RMODE="تقريب لأعلى",ROUNDUP(P14,0),ROUND(P14,0)) | M14: =L14-K14 | N14: =IF(K14=0,"",L14/K14) | O14: =IF(K14=0,"لا ينطبق",IF(L14>=K14,"مكتمل",IF(L14=0,"لا يوجد","عجز"))) | P14: =IF(CAP<=$D$4,D14*CAP/$D$4,IF(CAP>=$J$4,J14*CAP/$J$4,INDEX($D14:$J14,$D$3)+$E$3*(INDEX($D14:$J14,$D$3+1)-INDEX($D14:$J14,$D$3))))
A15: 11 | B15: أخصائي غير طبيب | C15: أخصائي مختبر أجنة | D15: 0 | E15: 0 | F15: 0 | G15: 1 | H15: 1 | I15: 2 | J15: 3 | K15: =IF(RMODE="تقريب لأعلى",ROUNDUP(P15,0),ROUND(P15,0)) | M15: =L15-K15 | N15: =IF(K15=0,"",L15/K15) | O15: =IF(K15=0,"لا ينطبق",IF(L15>=K15,"مكتمل",IF(L15=0,"لا يوجد","عجز"))) | P15: =IF(CAP<=$D$4,D15*CAP/$D$4,IF(CAP>=$J$4,J15*CAP/$J$4,INDEX($D15:$J15,$D$3)+$E$3*(INDEX($D15:$J15,$D$3+1)-INDEX($D15:$J15,$D$3)))) | Q15: إيضاح 39: مرتبط باعتماد مركز للعقم
A16: 12 | B16: أخصائي غير طبيب | C16: أخصائي علاج طبيعي | D16: 4 | E16: 6 | F16: 9 | G16: 12 | H16: 18 | I16: 24 | J16: 30 | K16: =IF(RMODE="تقريب لأعلى",ROUNDUP(P16,0),ROUND(P16,0)) | M16: =L16-K16 | N16: =IF(K16=0,"",L16/K16) | O16: =IF(K16=0,"لا ينطبق",IF(L16>=K16,"مكتمل",IF(L16=0,"لا يوجد","عجز"))) | P16: =IF(CAP<=$D$4,D16*CAP/$D$4,IF(CAP>=$J$4,J16*CAP/$J$4,INDEX($D16:$J16,$D$3)+$E$3*(INDEX($D16:$J16,$D$3+1)-INDEX($D16:$J16,$D$3))))
A17: 13 | B17: أخصائي غير طبيب | C17: أخصائي أول علاج طبيعي | D17: 1 | E17: 2 | F17: 3 | G17: 4 | H17: 5 | I17: 8 | J17: 10 | K17: =IF(RMODE="تقريب لأعلى",ROUNDUP(P17,0),ROUND(P17,0)) | M17: =L17-K17 | N17: =IF(K17=0,"",L17/K17) | O17: =IF(K17=0,"لا ينطبق",IF(L17>=K17,"مكتمل",IF(L17=0,"لا يوجد","عجز"))) | P17: =IF(CAP<=$D$4,D17*CAP/$D$4,IF(CAP>=$J$4,J17*CAP/$J$4,INDEX($D17:$J17,$D$3)+$E$3*(INDEX($D17:$J17,$D$3+1)-INDEX($D17:$J17,$D$3))))
A18: 14 | B18: أخصائي غير طبيب | C18: أخصائي استشاري علاج طبيعي | D18: 0 | E18: 1 | F18: 1 | G18: 2 | H18: 3 | I18: 4 | J18: 5 | K18: =IF(RMODE="تقريب لأعلى",ROUNDUP(P18,0),ROUND(P18,0)) | M18: =L18-K18 | N18: =IF(K18=0,"",L18/K18) | O18: =IF(K18=0,"لا ينطبق",IF(L18>=K18,"مكتمل",IF(L18=0,"لا يوجد","عجز"))) | P18: =IF(CAP<=$D$4,D18*CAP/$D$4,IF(CAP>=$J$4,J18*CAP/$J$4,INDEX($D18:$J18,$D$3)+$E$3*(INDEX($D18:$J18,$D$3+1)-INDEX($D18:$J18,$D$3))))
A19: 15 | B19: أخصائي غير طبيب | C19: أخصائي علاج وظيفي | D19: 0 | E19: 2 | F19: 3 | G19: 4 | H19: 4 | I19: 6 | J19: 6 | K19: =IF(RMODE="تقريب لأعلى",ROUNDUP(P19,0),ROUND(P19,0)) | M19: =L19-K19 | N19: =IF(K19=0,"",L19/K19) | O19: =IF(K19=0,"لا ينطبق",IF(L19>=K19,"مكتمل",IF(L19=0,"لا يوجد","عجز"))) | P19: =IF(CAP<=$D$4,D19*CAP/$D$4,IF(CAP>=$J$4,J19*CAP/$J$4,INDEX($D19:$J19,$D$3)+$E$3*(INDEX($D19:$J19,$D$3+1)-INDEX($D19:$J19,$D$3))))
A20: 16 | B20: أخصائي غير طبيب | C20: أخصائي أول علاج وظيفي | D20: 0 | E20: 0 | F20: 0 | G20: 1 | H20: 2 | I20: 3 | J20: 4 | K20: =IF(RMODE="تقريب لأعلى",ROUNDUP(P20,0),ROUND(P20,0)) | M20: =L20-K20 | N20: =IF(K20=0,"",L20/K20) | O20: =IF(K20=0,"لا ينطبق",IF(L20>=K20,"مكتمل",IF(L20=0,"لا يوجد","عجز"))) | P20: =IF(CAP<=$D$4,D20*CAP/$D$4,IF(CAP>=$J$4,J20*CAP/$J$4,INDEX($D20:$J20,$D$3)+$E$3*(INDEX($D20:$J20,$D$3+1)-INDEX($D20:$J20,$D$3))))
A21: 17 | B21: أخصائي غير طبيب | C21: أخصائي استشاري علاج وظيفي | D21: 0 | E21: 0 | F21: 0 | G21: 0 | H21: 0 | I21: 1 | J21: 2 | K21: =IF(RMODE="تقريب لأعلى",ROUNDUP(P21,0),ROUND(P21,0)) | M21: =L21-K21 | N21: =IF(K21=0,"",L21/K21) | O21: =IF(K21=0,"لا ينطبق",IF(L21>=K21,"مكتمل",IF(L21=0,"لا يوجد","عجز"))) | P21: =IF(CAP<=$D$4,D21*CAP/$D$4,IF(CAP>=$J$4,J21*CAP/$J$4,INDEX($D21:$J21,$D$3)+$E$3*(INDEX($D21:$J21,$D$3+1)-INDEX($D21:$J21,$D$3))))
A22: 18 | B22: أخصائي غير طبيب | C22: أخصائي أطراف صناعية | D22: 0 | E22: 0 | F22: 0 | G22: 0 | H22: 2 | I22: 3 | J22: 4 | K22: =IF(RMODE="تقريب لأعلى",ROUNDUP(P22,0),ROUND(P22,0)) | M22: =L22-K22 | N22: =IF(K22=0,"",L22/K22) | O22: =IF(K22=0,"لا ينطبق",IF(L22>=K22,"مكتمل",IF(L22=0,"لا يوجد","عجز"))) | P22: =IF(CAP<=$D$4,D22*CAP/$D$4,IF(CAP>=$J$4,J22*CAP/$J$4,INDEX($D22:$J22,$D$3)+$E$3*(INDEX($D22:$J22,$D$3+1)-INDEX($D22:$J22,$D$3))))
A23: 19 | B23: أخصائي غير طبيب | C23: أخصائي أول أطراف صناعية | D23: 0 | E23: 0 | F23: 0 | G23: 0 | H23: 0 | I23: 1 | J23: 2 | K23: =IF(RMODE="تقريب لأعلى",ROUNDUP(P23,0),ROUND(P23,0)) | M23: =L23-K23 | N23: =IF(K23=0,"",L23/K23) | O23: =IF(K23=0,"لا ينطبق",IF(L23>=K23,"مكتمل",IF(L23=0,"لا يوجد","عجز"))) | P23: =IF(CAP<=$D$4,D23*CAP/$D$4,IF(CAP>=$J$4,J23*CAP/$J$4,INDEX($D23:$J23,$D$3)+$E$3*(INDEX($D23:$J23,$D$3+1)-INDEX($D23:$J23,$D$3))))
A24: 20 | B24: أخصائي غير طبيب | C24: أخصائي استشاري أطراف صناعية | D24: 0 | E24: 0 | F24: 0 | G24: 0 | H24: 0 | I24: 0 | J24: 1 | K24: =IF(RMODE="تقريب لأعلى",ROUNDUP(P24,0),ROUND(P24,0)) | M24: =L24-K24 | N24: =IF(K24=0,"",L24/K24) | O24: =IF(K24=0,"لا ينطبق",IF(L24>=K24,"مكتمل",IF(L24=0,"لا يوجد","عجز"))) | P24: =IF(CAP<=$D$4,D24*CAP/$D$4,IF(CAP>=$J$4,J24*CAP/$J$4,INDEX($D24:$J24,$D$3)+$E$3*(INDEX($D24:$J24,$D$3+1)-INDEX($D24:$J24,$D$3))))
A25: 21 | B25: أخصائي غير طبيب | C25: أخصائي معالجة نطق (تخاطب) | D25: 0 | E25: 1 | F25: 1 | G25: 2 | H25: 4 | I25: 4 | J25: 6 | K25: =IF(RMODE="تقريب لأعلى",ROUNDUP(P25,0),ROUND(P25,0)) | M25: =L25-K25 | N25: =IF(K25=0,"",L25/K25) | O25: =IF(K25=0,"لا ينطبق",IF(L25>=K25,"مكتمل",IF(L25=0,"لا يوجد","عجز"))) | P25: =IF(CAP<=$D$4,D25*CAP/$D$4,IF(CAP>=$J$4,J25*CAP/$J$4,INDEX($D25:$J25,$D$3)+$E$3*(INDEX($D25:$J25,$D$3+1)-INDEX($D25:$J25,$D$3))))
A26: 22 | B26: أخصائي غير طبيب | C26: أخصائي أول معالجة نطق (تخاطب) | D26: 0 | E26: 0 | F26: 0 | G26: 0 | H26: 2 | I26: 2 | J26: 4 | K26: =IF(RMODE="تقريب لأعلى",ROUNDUP(P26,0),ROUND(P26,0)) | M26: =L26-K26 | N26: =IF(K26=0,"",L26/K26) | O26: =IF(K26=0,"لا ينطبق",IF(L26>=K26,"مكتمل",IF(L26=0,"لا يوجد","عجز"))) | P26: =IF(CAP<=$D$4,D26*CAP/$D$4,IF(CAP>=$J$4,J26*CAP/$J$4,INDEX($D26:$J26,$D$3)+$E$3*(INDEX($D26:$J26,$D$3+1)-INDEX($D26:$J26,$D$3))))
A27: 23 | B27: أخصائي غير طبيب | C27: أخصائي استشاري معالجة نطق (تخاطب) | D27: 0 | E27: 0 | F27: 0 | G27: 0 | H27: 0 | I27: 1 | J27: 2 | K27: =IF(RMODE="تقريب لأعلى",ROUNDUP(P27,0),ROUND(P27,0)) | M27: =L27-K27 | N27: =IF(K27=0,"",L27/K27) | O27: =IF(K27=0,"لا ينطبق",IF(L27>=K27,"مكتمل",IF(L27=0,"لا يوجد","عجز"))) | P27: =IF(CAP<=$D$4,D27*CAP/$D$4,IF(CAP>=$J$4,J27*CAP/$J$4,INDEX($D27:$J27,$D$3)+$E$3*(INDEX($D27:$J27,$D$3+1)-INDEX($D27:$J27,$D$3))))
... A30: 26 | B30: أخصائي غير طبيب | C30: فسيولوجيا عصبي (أخصائي غير طبيب) | D30: 0 | E30: 0 | F30: 0 | G30: 2 | H30: 2 | I30: 3 | J30: 3 | K30: =IF(RMODE="تقريب لأعلى",ROUNDUP(P30,0),ROUND(P30,0)) | M30: =L30-K30 | N30: =IF(K30=0,"",L30/K30) | O30: =IF(K30=0,"لا ينطبق",IF(L30>=K30,"مكتمل",IF(L30=0,"لا يوجد","عجز"))) | P30: =IF(CAP<=$D$4,D30*CAP/$D$4,IF(CAP>=$J$4,J30*CAP/$J$4,INDEX($D30:$J30,$D$3)+$E$3*(INDEX($D30:$J30,$D$3+1)-INDEX($D30:$J30,$D$3))))
A31: 27 | B31: تمريض | C31: أخصائي تمريض 60% | D31: 86 | E31: 174 | F31: 270 | G31: 372 | H31: 572 | I31: 786 | J31: 1000 | K31: =IF(RMODE="تقريب لأعلى",ROUNDUP(P31,0),ROUND(P31,0)) | M31: =L31-K31 | N31: =IF(K31=0,"",L31/K31) | O31: =IF(K31=0,"لا ينطبق",IF(L31>=K31,"مكتمل",IF(L31=0,"لا يوجد","عجز"))) | P31: =IF(CAP<=$D$4,D31*CAP/$D$4,IF(CAP>=$J$4,J31*CAP/$J$4,INDEX($D31:$J31,$D$3)+$E$3*(INDEX($D31:$J31,$D$3+1)-INDEX($D31:$J31,$D$3)))) | Q31: إيضاح 30: عند أقل من 300 سرير تضاف نسبة 0.5% لمسمى أخصائي تمريض
A32: 28 | B32: تمريض | C32: أخصائي أول تمريض 10% | D32: 14 | E32: 29 | F32: 45 | G32: 62 | H32: 96 | I32: 132 | J32: 168 | K32: =IF(RMODE="تقريب لأعلى",ROUNDUP(P32,0),ROUND(P32,0)) | M32: =L32-K32 | N32: =IF(K32=0,"",L32/K32) | O32: =IF(K32=0,"لا ينطبق",IF(L32>=K32,"مكتمل",IF(L32=0,"لا يوجد","عجز"))) | P32: =IF(CAP<=$D$4,D32*CAP/$D$4,IF(CAP>=$J$4,J32*CAP/$J$4,INDEX($D32:$J32,$D$3)+$E$3*(INDEX($D32:$J32,$D$3+1)-INDEX($D32:$J32,$D$3))))
A33: 29 | B33: تمريض | C33: استشاري تمريض 0.5% | D33: 0 | E33: 0 | F33: 0 | G33: 0 | H33: 4 | I33: 6 | J33: 8 | K33: =IF(RMODE="تقريب لأعلى",ROUNDUP(P33,0),ROUND(P33,0)) | M33: =L33-K33 | N33: =IF(K33=0,"",L33/K33) | O33: =IF(K33=0,"لا ينطبق",IF(L33>=K33,"مكتمل",IF(L33=0,"لا يوجد","عجز"))) | P33: =IF(CAP<=$D$4,D33*CAP/$D$4,IF(CAP>=$J$4,J33*CAP/$J$4,INDEX($D33:$J33,$D$3)+$E$3*(INDEX($D33:$J33,$D$3+1)-INDEX($D33:$J33,$D$3)))) | Q33: إيضاح 30: تبدأ من 300 سرير وما فوق
A34: 30 | B34: قبالة | C34: أخصائي قبالة 60% | D34: 7 | E34: 15 | F34: 23 | G34: 30 | H34: 45 | I34: 59 | J34: 74 | K34: =IF(RMODE="تقريب لأعلى",ROUNDUP(P34,0),ROUND(P34,0)) | M34: =L34-K34 | N34: =IF(K34=0,"",L34/K34) | O34: =IF(K34=0,"لا ينطبق",IF(L34>=K34,"مكتمل",IF(L34=0,"لا يوجد","عجز"))) | P34: =IF(CAP<=$D$4,D34*CAP/$D$4,IF(CAP>=$J$4,J34*CAP/$J$4,INDEX($D34:$J34,$D$3)+$E$3*(INDEX($D34:$J34,$D$3+1)-INDEX($D34:$J34,$D$3)))) | Q34: إيضاح 10: معيار القابلات خاص بالمستشفيات التي تقدم خدمات النساء والولادة
A35: 31 | B35: قبالة | C35: أخصائي أول قبالة 10% | D35: 2 | E35: 3 | F35: 4 | G35: 5 | H35: 8 | I35: 10 | J35: 13 | K35: =IF(RMODE="تقريب لأعلى",ROUNDUP(P35,0),ROUND(P35,0)) | M35: =L35-K35 | N35: =IF(K35=0,"",L35/K35) | O35: =IF(K35=0,"لا ينطبق",IF(L35>=K35,"مكتمل",IF(L35=0,"لا يوجد","عجز"))) | P35: =IF(CAP<=$D$4,D35*CAP/$D$4,IF(CAP>=$J$4,J35*CAP/$J$4,INDEX($D35:$J35,$D$3)+$E$3*(INDEX($D35:$J35,$D$3+1)-INDEX($D35:$J35,$D$3)))) | Q35: إيضاح 10
A36: 32 | B36: قبالة | C36: استشاري قبالة 1% | D36: 0 | E36: 0 | F36: 0 | G36: 0 | H36: 1 | I36: 1 | J36: 1 | K36: =IF(RMODE="تقريب لأعلى",ROUNDUP(P36,0),ROUND(P36,0)) | M36: =L36-K36 | N36: =IF(K36=0,"",L36/K36) | O36: =IF(K36=0,"لا ينطبق",IF(L36>=K36,"مكتمل",IF(L36=0,"لا يوجد","عجز"))) | P36: =IF(CAP<=$D$4,D36*CAP/$D$4,IF(CAP>=$J$4,J36*CAP/$J$4,INDEX($D36:$J36,$D$3)+$E$3*(INDEX($D36:$J36,$D$3+1)-INDEX($D36:$J36,$D$3)))) | Q36: إيضاح 10
A37: 33 | B37: أخصائي غير طبيب | C37: أخصائي صحة عامة (غير طبيب) | D37: 2 | E37: 2 | F37: 2 | G37: 2 | H37: 3 | I37: 3 | J37: 3 | K37: =IF(RMODE="تقريب لأعلى",ROUNDUP(P37,0),ROUND(P37,0)) | M37: =L37-K37 | N37: =IF(K37=0,"",L37/K37) | O37: =IF(K37=0,"لا ينطبق",IF(L37>=K37,"مكتمل",IF(L37=0,"لا يوجد","عجز"))) | P37: =IF(CAP<=$D$4,D37*CAP/$D$4,IF(CAP>=$J$4,J37*CAP/$J$4,INDEX($D37:$J37,$D$3)+$E$3*(INDEX($D37:$J37,$D$3+1)-INDEX($D37:$J37,$D$3))))
A38: 34 | B38: أخصائي غير طبيب | C38: أخصائي مكافحة عدوى (غير طبيب) | D38: 3 | E38: 3 | F38: 3 | G38: 4 | H38: 5 | I38: 7 | J38: 9 | K38: =IF(RMODE="تقريب لأعلى",ROUNDUP(P38,0),ROUND(P38,0)) | M38: =L38-K38 | N38: =IF(K38=0,"",L38/K38) | O38: =IF(K38=0,"لا ينطبق",IF(L38>=K38,"مكتمل",IF(L38=0,"لا يوجد","عجز"))) | P38: =IF(CAP<=$D$4,D38*CAP/$D$4,IF(CAP>=$J$4,J38*CAP/$J$4,INDEX($D38:$J38,$D$3)+$E$3*(INDEX($D38:$J38,$D$3+1)-INDEX($D38:$J38,$D$3)))) | Q38: إيضاح 7
A39: 35 | B39: أخصائي غير طبيب | C39: أخصائي وبائيات (غير طبيب) | D39: 0 | E39: 1 | F39: 1 | G39: 2 | H39: 2 | I39: 3 | J39: 3 | K39: =IF(RMODE="تقريب لأعلى",ROUNDUP(P39,0),ROUND(P39,0)) | M39: =L39-K39 | N39: =IF(K39=0,"",L39/K39) | O39: =IF(K39=0,"لا ينطبق",IF(L39>=K39,"مكتمل",IF(L39=0,"لا يوجد","عجز"))) | P39: =IF(CAP<=$D$4,D39*CAP/$D$4,IF(CAP>=$J$4,J39*CAP/$J$4,INDEX($D39:$J39,$D$3)+$E$3*(INDEX($D39:$J39,$D$3+1)-INDEX($D39:$J39,$D$3))))
A40: 36 | B40: أخصائي غير طبيب | C40: أخصائي صحة مهنية (غير طبيب) | D40: 1 | E40: 1 | F40: 2 | G40: 2 | H40: 2 | I40: 3 | J40: 3 | K40: =IF(RMODE="تقريب لأعلى",ROUNDUP(P40,0),ROUND(P40,0)) | M40: =L40-K40 | N40: =IF(K40=0,"",L40/K40) | O40: =IF(K40=0,"لا ينطبق",IF(L40>=K40,"مكتمل",IF(L40=0,"لا يوجد","عجز"))) | P40: =IF(CAP<=$D$4,D40*CAP/$D$4,IF(CAP>=$J$4,J40*CAP/$J$4,INDEX($D40:$J40,$D$3)+$E$3*(INDEX($D40:$J40,$D$3+1)-INDEX($D40:$J40,$D$3))))
A41: 37 | B41: أخصائي غير طبيب | C41: أخصائي صحة بيئة (غير طبيب) | D41: 1 | E41: 1 | F41: 1 | G41: 1 | H41: 1 | I41: 1 | J41: 1 | K41: =IF(RMODE="تقريب لأعلى",ROUNDUP(P41,0),ROUND(P41,0)) | M41: =L41-K41 | N41: =IF(K41=0,"",L41/K41) | O41: =IF(K41=0,"لا ينطبق",IF(L41>=K41,"مكتمل",IF(L41=0,"لا يوجد","عجز"))) | P41: =IF(CAP<=$D$4,D41*CAP/$D$4,IF(CAP>=$J$4,J41*CAP/$J$4,INDEX($D41:$J41,$D$3)+$E$3*(INDEX($D41:$J41,$D$3+1)-INDEX($D41:$J41,$D$3))))
A42: 38 | B42: أخصائي غير طبيب | C42: أخصائي تخدير (غير طبيب) | D42: 5 | E42: 10 | F42: 15 | G42: 20 | H42: 30 | I42: 40 | J42: 50 | K42: =IF(RMODE="تقريب لأعلى",ROUNDUP(P42,0),ROUND(P42,0)) | M42: =L42-K42 | N42: =IF(K42=0,"",L42/K42) | O42: =IF(K42=0,"لا ينطبق",IF(L42>=K42,"مكتمل",IF(L42=0,"لا يوجد","عجز"))) | P42: =IF(CAP<=$D$4,D42*CAP/$D$4,IF(CAP>=$J$4,J42*CAP/$J$4,INDEX($D42:$J42,$D$3)+$E$3*(INDEX($D42:$J42,$D$3+1)-INDEX($D42:$J42,$D$3))))
A43: 39 | B43: أخصائي غير طبيب | C43: استشاري علاج تنفسي | D43: 0 | E43: 1 | F43: 2 | G43: 2 | H43: 2 | I43: 3 | J43: 5 | K43: =IF(RMODE="تقريب لأعلى",ROUNDUP(P43,0),ROUND(P43,0)) | M43: =L43-K43 | N43: =IF(K43=0,"",L43/K43) | O43: =IF(K43=0,"لا ينطبق",IF(L43>=K43,"مكتمل",IF(L43=0,"لا يوجد","عجز"))) | P43: =IF(CAP<=$D$4,D43*CAP/$D$4,IF(CAP>=$J$4,J43*CAP/$J$4,INDEX($D43:$J43,$D$3)+$E$3*(INDEX($D43:$J43,$D$3+1)-INDEX($D43:$J43,$D$3)))) | Q43: إيضاحات 22-25: التوزيع 20% فني، 20% أخصائي أول، 55% أخصائي، 5% استشاري
A44: 40 | B44: أخصائي غير طبيب | C44: أخصائي أول علاج تنفسي | D44: 2 | E44: 4 | F44: 6 | G44: 8 | H44: 8 | I44: 10 | J44: 14 | K44: =IF(RMODE="تقريب لأعلى",ROUNDUP(P44,0),ROUND(P44,0)) | M44: =L44-K44 | N44: =IF(K44=0,"",L44/K44) | O44: =IF(K44=0,"لا ينطبق",IF(L44>=K44,"مكتمل",IF(L44=0,"لا يوجد","عجز"))) | P44: =IF(CAP<=$D$4,D44*CAP/$D$4,IF(CAP>=$J$4,J44*CAP/$J$4,INDEX($D44:$J44,$D$3)+$E$3*(INDEX($D44:$J44,$D$3+1)-INDEX($D44:$J44,$D$3)))) | Q44: إيضاحات 22-25
A45: 41 | B45: أخصائي غير طبيب | C45: أخصائي علاج تنفسي | D45: 4 | E45: 9 | F45: 12 | G45: 16 | H45: 25 | I45: 30 | J45: 50 | K45: =IF(RMODE="تقريب لأعلى",ROUNDUP(P45,0),ROUND(P45,0)) | M45: =L45-K45 | N45: =IF(K45=0,"",L45/K45) | O45: =IF(K45=0,"لا ينطبق",IF(L45>=K45,"مكتمل",IF(L45=0,"لا يوجد","عجز"))) | P45: =IF(CAP<=$D$4,D45*CAP/$D$4,IF(CAP>=$J$4,J45*CAP/$J$4,INDEX($D45:$J45,$D$3)+$E$3*(INDEX($D45:$J45,$D$3+1)-INDEX($D45:$J45,$D$3)))) | Q45: إيضاح 25: المتوسط 1 أخصائي لكل 5 أسرة
A46: 42 | B46: أخصائي غير طبيب | C46: أخصائي بصريات | D46: 2 | E46: 3 | F46: 4 | G46: 5 | H46: 6 | I46: 6 | J46: 8 | K46: =IF(RMODE="تقريب لأعلى",ROUNDUP(P46,0),ROUND(P46,0)) | M46: =L46-K46 | N46: =IF(K46=0,"",L46/K46) | O46: =IF(K46=0,"لا ينطبق",IF(L46>=K46,"مكتمل",IF(L46=0,"لا يوجد","عجز"))) | P46: =IF(CAP<=$D$4,D46*CAP/$D$4,IF(CAP>=$J$4,J46*CAP/$J$4,INDEX($D46:$J46,$D$3)+$E$3*(INDEX($D46:$J46,$D$3+1)-INDEX($D46:$J46,$D$3))))
A47: 43 | B47: أخصائي غير طبيب | C47: أخصائي أول بصريات | D47: 0 | E47: 1 | F47: 1 | G47: 2 | H47: 3 | I47: 3 | J47: 4 | K47: =IF(RMODE="تقريب لأعلى",ROUNDUP(P47,0),ROUND(P47,0)) | M47: =L47-K47 | N47: =IF(K47=0,"",L47/K47) | O47: =IF(K47=0,"لا ينطبق",IF(L47>=K47,"مكتمل",IF(L47=0,"لا يوجد","عجز"))) | P47: =IF(CAP<=$D$4,D47*CAP/$D$4,IF(CAP>=$J$4,J47*CAP/$J$4,INDEX($D47:$J47,$D$3)+$E$3*(INDEX($D47:$J47,$D$3+1)-INDEX($D47:$J47,$D$3))))
A48: 44 | B48: أخصائي غير طبيب | C48: استشاري بصريات | D48: 0 | E48: 0 | F48: 0 | G48: 1 | H48: 1 | I48: 2 | J48: 2 | K48: =IF(RMODE="تقريب لأعلى",ROUNDUP(P48,0),ROUND(P48,0)) | M48: =L48-K48 | N48: =IF(K48=0,"",L48/K48) | O48: =IF(K48=0,"لا ينطبق",IF(L48>=K48,"مكتمل",IF(L48=0,"لا يوجد","عجز"))) | P48: =IF(CAP<=$D$4,D48*CAP/$D$4,IF(CAP>=$J$4,J48*CAP/$J$4,INDEX($D48:$J48,$D$3)+$E$3*(INDEX($D48:$J48,$D$3+1)-INDEX($D48:$J48,$D$3))))
A49: 45 | B49: أخصائي غير طبيب | C49: أخصائي (تقنية هندسة / مهندس) أجهزة طبية | D49: 1 | E49: 2 | F49: 4 | G49: 4 | H49: 5 | I49: 6 | J49: 6 | K49: =IF(RMODE="تقريب لأعلى",ROUNDUP(P49,0),ROUND(P49,0)) | M49: =L49-K49 | N49: =IF(K49=0,"",L49/K49) | O49: =IF(K49=0,"لا ينطبق",IF(L49>=K49,"مكتمل",IF(L49=0,"لا يوجد","عجز"))) | P49: =IF(CAP<=$D$4,D49*CAP/$D$4,IF(CAP>=$J$4,J49*CAP/$J$4,INDEX($D49:$J49,$D$3)+$E$3*(INDEX($D49:$J49,$D$3+1)-INDEX($D49:$J49,$D$3))))
A50: 46 | B50: أخصائي غير طبيب | C50: أخصائي اجتماعي | D50: 2 | E50: 4 | F50: 6 | G50: 8 | H50: 10 | I50: 12 | J50: 15 | K50: =IF(RMODE="تقريب لأعلى",ROUNDUP(P50,0),ROUND(P50,0)) | M50: =L50-K50 | N50: =IF(K50=0,"",L50/K50) | O50: =IF(K50=0,"لا ينطبق",IF(L50>=K50,"مكتمل",IF(L50=0,"لا يوجد","عجز"))) | P50: =IF(CAP<=$D$4,D50*CAP/$D$4,IF(CAP>=$J$4,J50*CAP/$J$4,INDEX($D50:$J50,$D$3)+$E$3*(INDEX($D50:$J50,$D$3+1)-INDEX($D50:$J50,$D$3))))
A51: 47 | B51: أخصائي غير طبيب | C51: أخصائي نفسي (غير طبيب) | D51: 1 | E51: 2 | F51: 3 | G51: 4 | H51: 4 | I51: 8 | J51: 10 | K51: =IF(RMODE="تقريب لأعلى",ROUNDUP(P51,0),ROUND(P51,0)) | M51: =L51-K51 | N51: =IF(K51=0,"",L51/K51) | O51: =IF(K51=0,"لا ينطبق",IF(L51>=K51,"مكتمل",IF(L51=0,"لا يوجد","عجز"))) | P51: =IF(CAP<=$D$4,D51*CAP/$D$4,IF(CAP>=$J$4,J51*CAP/$J$4,INDEX($D51:$J51,$D$3)+$E$3*(INDEX($D51:$J51,$D$3+1)-INDEX($D51:$J51,$D$3))))
A52: 48 | B52: أخصائي غير طبيب | C52: أخصائي تغذية عامة | D52: 3 | E52: 4 | F52: 4 | G52: 8 | H52: 10 | I52: 12 | J52: 13 | K52: =IF(RMODE="تقريب لأعلى",ROUNDUP(P52,0),ROUND(P52,0)) | M52: =L52-K52 | N52: =IF(K52=0,"",L52/K52) | O52: =IF(K52=0,"لا ينطبق",IF(L52>=K52,"مكتمل",IF(L52=0,"لا يوجد","عجز"))) | P52: =IF(CAP<=$D$4,D52*CAP/$D$4,IF(CAP>=$J$4,J52*CAP/$J$4,INDEX($D52:$J52,$D$3)+$E$3*(INDEX($D52:$J52,$D$3+1)-INDEX($D52:$J52,$D$3))))
A53: 49 | B53: أخصائي غير طبيب | C53: أخصائي تغذية سريرية | D53: 2 | E53: 5 | F53: 6 | G53: 8 | H53: 10 | I53: 12 | J53: 14 | K53: =IF(RMODE="تقريب لأعلى",ROUNDUP(P53,0),ROUND(P53,0)) | M53: =L53-K53 | N53: =IF(K53=0,"",L53/K53) | O53: =IF(K53=0,"لا ينطبق",IF(L53>=K53,"مكتمل",IF(L53=0,"لا يوجد","عجز"))) | P53: =IF(CAP<=$D$4,D53*CAP/$D$4,IF(CAP>=$J$4,J53*CAP/$J$4,INDEX($D53:$J53,$D$3)+$E$3*(INDEX($D53:$J53,$D$3+1)-INDEX($D53:$J53,$D$3))))
A54: 50 | B54: أخصائي غير طبيب | C54: أخصائي أول تغذية سريرية | D54: 0 | E54: 0 | F54: 1 | G54: 2 | H54: 3 | I54: 4 | J54: 5 | K54: =IF(RMODE="تقريب لأعلى",ROUNDUP(P54,0),ROUND(P54,0)) | M54: =L54-K54 | N54: =IF(K54=0,"",L54/K54) | O54: =IF(K54=0,"لا ينطبق",IF(L54>=K54,"مكتمل",IF(L54=0,"لا يوجد","عجز"))) | P54: =IF(CAP<=$D$4,D54*CAP/$D$4,IF(CAP>=$J$4,J54*CAP/$J$4,INDEX($D54:$J54,$D$3)+$E$3*(INDEX($D54:$J54,$D$3+1)-INDEX($D54:$J54,$D$3))))
A55: 51 | B55: أخصائي غير طبيب | C55: استشاري تغذية سريرية | D55: 0 | E55: 0 | F55: 0 | G55: 1 | H55: 1 | I55: 2 | J55: 2 | K55: =IF(RMODE="تقريب لأعلى",ROUNDUP(P55,0),ROUND(P55,0)) | M55: =L55-K55 | N55: =IF(K55=0,"",L55/K55) | O55: =IF(K55=0,"لا ينطبق",IF(L55>=K55,"مكتمل",IF(L55=0,"لا يوجد","عجز"))) | P55: =IF(CAP<=$D$4,D55*CAP/$D$4,IF(CAP>=$J$4,J55*CAP/$J$4,INDEX($D55:$J55,$D$3)+$E$3*(INDEX($D55:$J55,$D$3+1)-INDEX($D55:$J55,$D$3))))
A56: 52 | B56: أخصائي غير طبيب | C56: أخصائي أول تغذية عامة / سلامة غذاء | D56: 0 | E56: 0 | F56: 1 | G56: 2 | H56: 2 | I56: 2 | J56: 3 | K56: =IF(RMODE="تقريب لأعلى",ROUNDUP(P56,0),ROUND(P56,0)) | M56: =L56-K56 | N56: =IF(K56=0,"",L56/K56) | O56: =IF(K56=0,"لا ينطبق",IF(L56>=K56,"مكتمل",IF(L56=0,"لا يوجد","عجز"))) | P56: =IF(CAP<=$D$4,D56*CAP/$D$4,IF(CAP>=$J$4,J56*CAP/$J$4,INDEX($D56:$J56,$D$3)+$E$3*(INDEX($D56:$J56,$D$3+1)-INDEX($D56:$J56,$D$3))))
A57: 53 | B57: أخصائي غير طبيب | C57: استشاري تغذية عامة / سلامة غذاء | D57: 0 | E57: 0 | F57: 0 | G57: 1 | H57: 1 | I57: 2 | J57: 2 | K57: =IF(RMODE="تقريب لأعلى",ROUNDUP(P57,0),ROUND(P57,0)) | M57: =L57-K57 | N57: =IF(K57=0,"",L57/K57) | O57: =IF(K57=0,"لا ينطبق",IF(L57>=K57,"مكتمل",IF(L57=0,"لا يوجد","عجز"))) | P57: =IF(CAP<=$D$4,D57*CAP/$D$4,IF(CAP>=$J$4,J57*CAP/$J$4,INDEX($D57:$J57,$D$3)+$E$3*(INDEX($D57:$J57,$D$3+1)-INDEX($D57:$J57,$D$3))))
A58: 54 | B58: أخصائي غير طبيب | C58: أخصائي ضمان الجودة وسلامة المرضى | D58: 2 | E58: 4 | F58: 4 | G58: 6 | H58: 6 | I58: 8 | J58: 10 | K58: =IF(RMODE="تقريب لأعلى",ROUNDUP(P58,0),ROUND(P58,0)) | M58: =L58-K58 | N58: =IF(K58=0,"",L58/K58) | O58: =IF(K58=0,"لا ينطبق",IF(L58>=K58,"مكتمل",IF(L58=0,"لا يوجد","عجز"))) | P58: =IF(CAP<=$D$4,D58*CAP/$D$4,IF(CAP>=$J$4,J58*CAP/$J$4,INDEX($D58:$J58,$D$3)+$E$3*(INDEX($D58:$J58,$D$3+1)-INDEX($D58:$J58,$D$3)))) | Q58: إيضاح 7
A59: 55 | B59: أخصائي غير طبيب | C59: أخصائي تجربة المريض | D59: 1 | E59: 2 | F59: 4 | G59: 5 | H59: 7 | I59: 9 | J59: 10 | K59: =IF(RMODE="تقريب لأعلى",ROUNDUP(P59,0),ROUND(P59,0)) | M59: =L59-K59 | N59: =IF(K59=0,"",L59/K59) | O59: =IF(K59=0,"لا ينطبق",IF(L59>=K59,"مكتمل",IF(L59=0,"لا يوجد","عجز"))) | P59: =IF(CAP<=$D$4,D59*CAP/$D$4,IF(CAP>=$J$4,J59*CAP/$J$4,INDEX($D59:$J59,$D$3)+$E$3*(INDEX($D59:$J59,$D$3+1)-INDEX($D59:$J59,$D$3))))
A60: 56 | B60: أخصائي غير طبيب | C60: أخصائي معلوماتية صحية | D60: 5 | E60: 10 | F60: 15 | G60: 15 | H60: 20 | I60: 25 | J60: 30 | K60: =IF(RMODE="تقريب لأعلى",ROUNDUP(P60,0),ROUND(P60,0)) | M60: =L60-K60 | N60: =IF(K60=0,"",L60/K60) | O60: =IF(K60=0,"لا ينطبق",IF(L60>=K60,"مكتمل",IF(L60=0,"لا يوجد","عجز"))) | P60: =IF(CAP<=$D$4,D60*CAP/$D$4,IF(CAP>=$J$4,J60*CAP/$J$4,INDEX($D60:$J60,$D$3)+$E$3*(INDEX($D60:$J60,$D$3+1)-INDEX($D60:$J60,$D$3))))
A61: 57 | B61: أخصائي غير طبيب | C61: أخصائي جودة / مهندس ضبط وتحكم في الجودة | D61: 2 | E61: 2 | F61: 2 | G61: 2 | H61: 2 | I61: 2 | J61: 2 | K61: =IF(RMODE="تقريب لأعلى",ROUNDUP(P61,0),ROUND(P61,0)) | M61: =L61-K61 | N61: =IF(K61=0,"",L61/K61) | O61: =IF(K61=0,"لا ينطبق",IF(L61>=K61,"مكتمل",IF(L61=0,"لا يوجد","عجز"))) | P61: =IF(CAP<=$D$4,D61*CAP/$D$4,IF(CAP>=$J$4,J61*CAP/$J$4,INDEX($D61:$J61,$D$3)+$E$3*(INDEX($D61:$J61,$D$3+1)-INDEX($D61:$J61,$D$3)))) | Q61: إيضاح 7
A62: 58 | B62: أخصائي غير طبيب | C62: أخصائي تقنية قلب | D62: 0 | E62: 0 | F62: 0 | G62: 2 | H62: 3 | I62: 4 | J62: 4 | K62: =IF(RMODE="تقريب لأعلى",ROUNDUP(P62,0),ROUND(P62,0)) | M62: =L62-K62 | N62: =IF(K62=0,"",L62/K62) | O62: =IF(K62=0,"لا ينطبق",IF(L62>=K62,"مكتمل",IF(L62=0,"لا يوجد","عجز"))) | P62: =IF(CAP<=$D$4,D62*CAP/$D$4,IF(CAP>=$J$4,J62*CAP/$J$4,INDEX($D62:$J62,$D$3)+$E$3*(INDEX($D62:$J62,$D$3+1)-INDEX($D62:$J62,$D$3))))
A63: 59 | B63: أخصائي غير طبيب | C63: أخصائي تثقيف صحي (غير طبيب) | D63: 2 | E63: 2 | F63: 2 | G63: 2 | H63: 3 | I63: 4 | J63: 4 | K63: =IF(RMODE="تقريب لأعلى",ROUNDUP(P63,0),ROUND(P63,0)) | M63: =L63-K63 | N63: =IF(K63=0,"",L63/K63) | O63: =IF(K63=0,"لا ينطبق",IF(L63>=K63,"مكتمل",IF(L63=0,"لا يوجد","عجز"))) | P63: =IF(CAP<=$D$4,D63*CAP/$D$4,IF(CAP>=$J$4,J63*CAP/$J$4,INDEX($D63:$J63,$D$3)+$E$3*(INDEX($D63:$J63,$D$3+1)-INDEX($D63:$J63,$D$3))))
A64: 60 | B64: أخصائي غير طبيب | C64: أخصائي جبائر | D64: 0 | E64: 1 | F64: 1 | G64: 2 | H64: 3 | I64: 3 | J64: 4 | K64: =IF(RMODE="تقريب لأعلى",ROUNDUP(P64,0),ROUND(P64,0)) | M64: =L64-K64 | N64: =IF(K64=0,"",L64/K64) | O64: =IF(K64=0,"لا ينطبق",IF(L64>=K64,"مكتمل",IF(L64=0,"لا يوجد","عجز"))) | P64: =IF(CAP<=$D$4,D64*CAP/$D$4,IF(CAP>=$J$4,J64*CAP/$J$4,INDEX($D64:$J64,$D$3)+$E$3*(INDEX($D64:$J64,$D$3+1)-INDEX($D64:$J64,$D$3))))
A65: 61 | B65: أخصائي غير طبيب | C65: أخصائي مناظير باطني | D65: 0 | E65: 0 | F65: 2 | G65: 2 | H65: 3 | I65: 4 | J65: 4 | K65: =IF(RMODE="تقريب لأعلى",ROUNDUP(P65,0),ROUND(P65,0)) | M65: =L65-K65 | N65: =IF(K65=0,"",L65/K65) | O65: =IF(K65=0,"لا ينطبق",IF(L65>=K65,"مكتمل",IF(L65=0,"لا يوجد","عجز"))) | P65: =IF(CAP<=$D$4,D65*CAP/$D$4,IF(CAP>=$J$4,J65*CAP/$J$4,INDEX($D65:$J65,$D$3)+$E$3*(INDEX($D65:$J65,$D$3+1)-INDEX($D65:$J65,$D$3))))
A66: 62 | B66: أخصائي غير طبيب | C66: أخصائي طب طوارئ | D66: 5 | E66: 6 | F66: 10 | G66: 12 | H66: 15 | I66: 18 | J66: 20 | K66: =IF(RMODE="تقريب لأعلى",ROUNDUP(P66,0),ROUND(P66,0)) | M66: =L66-K66 | N66: =IF(K66=0,"",L66/K66) | O66: =IF(K66=0,"لا ينطبق",IF(L66>=K66,"مكتمل",IF(L66=0,"لا يوجد","عجز"))) | P66: =IF(CAP<=$D$4,D66*CAP/$D$4,IF(CAP>=$J$4,J66*CAP/$J$4,INDEX($D66:$J66,$D$3)+$E$3*(INDEX($D66:$J66,$D$3+1)-INDEX($D66:$J66,$D$3))))
A67: 63 | B67: أخصائي غير طبيب | C67: أخصائي تخطيط المخ والأعصاب | D67: 0 | E67: 0 | F67: 2 | G67: 2 | H67: 3 | I67: 4 | J67: 4 | K67: =IF(RMODE="تقريب لأعلى",ROUNDUP(P67,0),ROUND(P67,0)) | M67: =L67-K67 | N67: =IF(K67=0,"",L67/K67) | O67: =IF(K67=0,"لا ينطبق",IF(L67>=K67,"مكتمل",IF(L67=0,"لا يوجد","عجز"))) | P67: =IF(CAP<=$D$4,D67*CAP/$D$4,IF(CAP>=$J$4,J67*CAP/$J$4,INDEX($D67:$J67,$D$3)+$E$3*(INDEX($D67:$J67,$D$3+1)-INDEX($D67:$J67,$D$3))))
A68: 64 | B68: أخصائي غير طبيب | C68: أخصائي تقنية كلى | D68: 0 | E68: 2 | F68: 2 | G68: 2 | H68: 3 | I68: 4 | J68: 4 | K68: =IF(RMODE="تقريب لأعلى",ROUNDUP(P68,0),ROUND(P68,0)) | M68: =L68-K68 | N68: =IF(K68=0,"",L68/K68) | O68: =IF(K68=0,"لا ينطبق",IF(L68>=K68,"مكتمل",IF(L68=0,"لا يوجد","عجز"))) | P68: =IF(CAP<=$D$4,D68*CAP/$D$4,IF(CAP>=$J$4,J68*CAP/$J$4,INDEX($D68:$J68,$D$3)+$E$3*(INDEX($D68:$J68,$D$3+1)-INDEX($D68:$J68,$D$3))))
A69: 65 | B69: أخصائي غير طبيب | C69: أخصائي تعقيم (غير طبيب) | D69: 4 | E69: 4 | F69: 5 | G69: 6 | H69: 7 | I69: 8 | J69: 10 | K69: =IF(RMODE="تقريب لأعلى",ROUNDUP(P69,0),ROUND(P69,0)) | M69: =L69-K69 | N69: =IF(K69=0,"",L69/K69) | O69: =IF(K69=0,"لا ينطبق",IF(L69>=K69,"مكتمل",IF(L69=0,"لا يوجد","عجز"))) | P69: =IF(CAP<=$D$4,D69*CAP/$D$4,IF(CAP>=$J$4,J69*CAP/$J$4,INDEX($D69:$J69,$D$3)+$E$3*(INDEX($D69:$J69,$D$3+1)-INDEX($D69:$J69,$D$3))))
A70: 66 | B70: أخصائي غير طبيب | C70: أخصائي مساعد طبيب أسنان | D70: 0 | E70: 2 | F70: 2 | G70: 2 | H70: 2 | I70: 2 | J70: 2 | K70: =IF(RMODE="تقريب لأعلى",ROUNDUP(P70,0),ROUND(P70,0)) | M70: =L70-K70 | N70: =IF(K70=0,"",L70/K70) | O70: =IF(K70=0,"لا ينطبق",IF(L70>=K70,"مكتمل",IF(L70=0,"لا يوجد","عجز"))) | P70: =IF(CAP<=$D$4,D70*CAP/$D$4,IF(CAP>=$J$4,J70*CAP/$J$4,INDEX($D70:$J70,$D$3)+$E$3*(INDEX($D70:$J70,$D$3+1)-INDEX($D70:$J70,$D$3))))
A71: 67 | B71: أخصائي غير طبيب | C71: أخصائي عمليات | D71: 3 | E71: 6 | F71: 8 | G71: 9 | H71: 10 | I71: 15 | J71: 18 | K71: =IF(RMODE="تقريب لأعلى",ROUNDUP(P71,0),ROUND(P71,0)) | M71: =L71-K71 | N71: =IF(K71=0,"",L71/K71) | O71: =IF(K71=0,"لا ينطبق",IF(L71>=K71,"مكتمل",IF(L71=0,"لا يوجد","عجز"))) | P71: =IF(CAP<=$D$4,D71*CAP/$D$4,IF(CAP>=$J$4,J71*CAP/$J$4,INDEX($D71:$J71,$D$3)+$E$3*(INDEX($D71:$J71,$D$3+1)-INDEX($D71:$J71,$D$3))))
A72: 68 | B72: أخصائي غير طبيب | C72: مدير مستشفى | D72: 1 | E72: 1 | F72: 1 | G72: 1 | H72: 1 | I72: 1 | J72: 1 | K72: =IF(RMODE="تقريب لأعلى",ROUNDUP(P72,0),ROUND(P72,0)) | M72: =L72-K72 | N72: =IF(K72=0,"",L72/K72) | O72: =IF(K72=0,"لا ينطبق",IF(L72>=K72,"مكتمل",IF(L72=0,"لا يوجد","عجز"))) | P72: =IF(CAP<=$D$4,D72*CAP/$D$4,IF(CAP>=$J$4,J72*CAP/$J$4,INDEX($D72:$J72,$D$3)+$E$3*(INDEX($D72:$J72,$D$3+1)-INDEX($D72:$J72,$D$3))))
A73: 69 | B73: أخصائي غير طبيب | C73: أخصائي مسالك بولية (غير طبيب) | D73: 0 | E73: 0 | F73: 0 | G73: 1 | H73: 1 | I73: 1 | J73: 2 | K73: =IF(RMODE="تقريب لأعلى",ROUNDUP(P73,0),ROUND(P73,0)) | M73: =L73-K73 | N73: =IF(K73=0,"",L73/K73) | O73: =IF(K73=0,"لا ينطبق",IF(L73>=K73,"مكتمل",IF(L73=0,"لا يوجد","عجز"))) | P73: =IF(CAP<=$D$4,D73*CAP/$D$4,IF(CAP>=$J$4,J73*CAP/$J$4,INDEX($D73:$J73,$D$3)+$E$3*(INDEX($D73:$J73,$D$3+1)-INDEX($D73:$J73,$D$3))))
... A77: 73 | B77: أخصائي غير طبيب | C77: أخصائي استشاري وراثي | D77: 0 | E77: 0 | F77: 1 | G77: 1 | H77: 2 | I77: 2 | J77: 2 | K77: =IF(RMODE="تقريب لأعلى",ROUNDUP(P77,0),ROUND(P77,0)) | M77: =L77-K77 | N77: =IF(K77=0,"",L77/K77) | O77: =IF(K77=0,"لا ينطبق",IF(L77>=K77,"مكتمل",IF(L77=0,"لا يوجد","عجز"))) | P77: =IF(CAP<=$D$4,D77*CAP/$D$4,IF(CAP>=$J$4,J77*CAP/$J$4,INDEX($D77:$J77,$D$3)+$E$3*(INDEX($D77:$J77,$D$3+1)-INDEX($D77:$J77,$D$3))))
C78: المجموع (محسوب من الجدول) | D78: =SUM(D5:D77) | E78: =SUM(E5:E77) | F78: =SUM(F5:F77) | G78: =SUM(G5:G77) | H78: =SUM(H5:H77) | I78: =SUM(I5:I77) | J78: =SUM(J5:J77) | K78: =SUM(K5:K77) | ... M78: =SUM(M5:M77) | N78: =IF(K78=0,"",L78/K78) | P78: =SUM(P5:P77)
C79: المجموع المنشور في الدليل | D79: 192 | E79: 377 | F79: 574 | G79: 760 | H79: 1125 | I79: 1540 | J79: 1929
C80: الفرق (محسوب − منشور) | D80: =D78-D79 | E80: =E78-E79 | F80: =F78-F79 | G80: =G78-G79 | H80: =H78-H79 | I80: =I78-I79 | J80: =J78-J79

Sheet عام - الفنيون
A1: عام - الفنيون
A2: الملحق (1) — الفنيون، ويشمل فني تمريض وفني قبالة (صفحة 28)
C3: معاملا الاستيفاء ◄ | D3: =IFERROR(MATCH(CAP,$D$4:$J$4,1),1) | E3: =IF(OR(CAP<=$D$4,CAP>=$J$4),0,(CAP-INDEX($D$4:$J$4,$D$3))/(INDEX($D$4:$J$4,$D$3+1)-INDEX($D$4:$J$4,$D$3)))
A4: م | B4: الفئة | C4: المسمى الوظيفي | D4: 50 | E4: 100 | F4: 150 | G4: 200 | H4: 300 | I4: 400 | J4: 500 | K4: الاحتياج للسعة المدخلة | L4: الموجود فعلياً | M4: الفجوة (+فائض / -عجز) | N4: نسبة التغطية | O4: الحالة | P4: القيمة قبل التقريب | Q4: ملاحظات
A5: 1 | B5: فني | C5: فني أشعة | D5: 6 | E5: 12 | F5: 11 | G5: 11 | H5: 12 | I5: 15 | J5: 11 | K5: =IF(RMODE="تقريب لأعلى",ROUNDUP(P5,0),ROUND(P5,0)) | M5: =L5-K5 | N5: =IF(K5=0,"",L5/K5) | O5: =IF(K5=0,"لا ينطبق",IF(L5>=K5,"مكتمل",IF(L5=0,"لا يوجد","عجز"))) | P5: =IF(CAP<=$D$4,D5*CAP/$D$4,IF(CAP>=$J$4,J5*CAP/$J$4,INDEX($D5:$J5,$D$3)+$E$3*(INDEX($D5:$J5,$D$3+1)-INDEX($D5:$J5,$D$3)))) | Q5: إيضاح 33
A6: 2 | B6: فني | C6: فني مختبر وبنك دم | D6: 9 | E6: 12 | F6: 18 | G6: 23 | H6: 27 | I6: 46 | J6: 60 | K6: =IF(RMODE="تقريب لأعلى",ROUNDUP(P6,0),ROUND(P6,0)) | M6: =L6-K6 | N6: =IF(K6=0,"",L6/K6) | O6: =IF(K6=0,"لا ينطبق",IF(L6>=K6,"مكتمل",IF(L6=0,"لا يوجد","عجز"))) | P6: =IF(CAP<=$D$4,D6*CAP/$D$4,IF(CAP>=$J$4,J6*CAP/$J$4,INDEX($D6:$J6,$D$3)+$E$3*(INDEX($D6:$J6,$D$3+1)-INDEX($D6:$J6,$D$3))))
A7: 3 | B7: فني | C7: فني علاج طبيعي | D7: 2 | E7: 4 | F7: 4 | G7: 6 | H7: 6 | I7: 8 | J7: 8 | K7: =IF(RMODE="تقريب لأعلى",ROUNDUP(P7,0),ROUND(P7,0)) | M7: =L7-K7 | N7: =IF(K7=0,"",L7/K7) | O7: =IF(K7=0,"لا ينطبق",IF(L7>=K7,"مكتمل",IF(L7=0,"لا يوجد","عجز"))) | P7: =IF(CAP<=$D$4,D7*CAP/$D$4,IF(CAP>=$J$4,J7*CAP/$J$4,INDEX($D7:$J7,$D$3)+$E$3*(INDEX($D7:$J7,$D$3+1)-INDEX($D7:$J7,$D$3))))
A8: 4 | B8: فني | C8: فني علاج وظيفي | D8: 0 | E8: 0 | F8: 0 | G8: 1 | H8: 2 | I8: 3 | J8: 4 | K8: =IF(RMODE="تقريب لأعلى",ROUNDUP(P8,0),ROUND(P8,0)) | M8: =L8-K8 | N8: =IF(K8=0,"",L8/K8) | O8: =IF(K8=0,"لا ينطبق",IF(L8>=K8,"مكتمل",IF(L8=0,"لا يوجد","عجز"))) | P8: =IF(CAP<=$D$4,D8*CAP/$D$4,IF(CAP>=$J$4,J8*CAP/$J$4,INDEX($D8:$J8,$D$3)+$E$3*(INDEX($D8:$J8,$D$3+1)-INDEX($D8:$J8,$D$3))))
A9: 5 | B9: فني | C9: فني أطراف صناعية | D9: 0 | E9: 0 | F9: 0 | G9: 0 | H9: 1 | I9: 2 | J9: 3 | K9: =IF(RMODE="تقريب لأعلى",ROUNDUP(P9,0),ROUND(P9,0)) | M9: =L9-K9 | N9: =IF(K9=0,"",L9/K9) | O9: =IF(K9=0,"لا ينطبق",IF(L9>=K9,"مكتمل",IF(L9=0,"لا يوجد","عجز"))) | P9: =IF(CAP<=$D$4,D9*CAP/$D$4,IF(CAP>=$J$4,J9*CAP/$J$4,INDEX($D9:$J9,$D$3)+$E$3*(INDEX($D9:$J9,$D$3+1)-INDEX($D9:$J9,$D$3))))
A10: 6 | B10: فني | C10: فني معالجة نطق (تخاطب) | D10: 0 | E10: 0 | F10: 0 | G10: 0 | H10: 2 | I10: 3 | J10: 4 | K10: =IF(RMODE="تقريب لأعلى",ROUNDUP(P10,0),ROUND(P10,0)) | M10: =L10-K10 | N10: =IF(K10=0,"",L10/K10) | O10: =IF(K10=0,"لا ينطبق",IF(L10>=K10,"مكتمل",IF(L10=0,"لا يوجد","عجز"))) | P10: =IF(CAP<=$D$4,D10*CAP/$D$4,IF(CAP>=$J$4,J10*CAP/$J$4,INDEX($D10:$J10,$D$3)+$E$3*(INDEX($D10:$J10,$D$3+1)-INDEX($D10:$J10,$D$3))))
A11: 7 | B11: فني | C11: فني معالجة سمع (سمعيات) | D11: 0 | E11: 0 | F11: 0 | G11: 0 | H11: 2 | I11: 3 | J11: 4 | K11: =IF(RMODE="تقريب لأعلى",ROUNDUP(P11,0),ROUND(P11,0)) | M11: =L11-K11 | N11: =IF(K11=0,"",L11/K11) | O11: =IF(K11=0,"لا ينطبق",IF(L11>=K11,"مكتمل",IF(L11=0,"لا يوجد","عجز"))) | P11: =IF(CAP<=$D$4,D11*CAP/$D$4,IF(CAP>=$J$4,J11*CAP/$J$4,INDEX($D11:$J11,$D$3)+$E$3*(INDEX($D11:$J11,$D$3+1)-INDEX($D11:$J11,$D$3))))
A12: 8 | B12: فني | C12: فني تنظير باطني | D12: 0 | E12: 0 | F12: 3 | G12: 4 | H12: 5 | I12: 6 | J12: 8 | K12: =IF(RMODE="تقريب لأعلى",ROUNDUP(P12,0),ROUND(P12,0)) | M12: =L12-K12 | N12: =IF(K12=0,"",L12/K12) | O12: =IF(K12=0,"لا ينطبق",IF(L12>=K12,"مكتمل",IF(L12=0,"لا يوجد","عجز"))) | P12: =IF(CAP<=$D$4,D12*CAP/$D$4,IF(CAP>=$J$4,J12*CAP/$J$4,INDEX($D12:$J12,$D$3)+$E$3*(INDEX($D12:$J12,$D$3+1)-INDEX($D12:$J12,$D$3))))
A13: 9 | B13: تمريض | C13: فني تمريض 30% | D13: 42 | E13: 87 | F13: 135 | G13: 186 | H13: 288 | I13: 396 | J13: 504 | K13: =IF(RMODE="تقريب لأعلى",ROUNDUP(P13,0),ROUND(P13,0)) | M13: =L13-K13 | N13: =IF(K13=0,"",L13/K13) | O13: =IF(K13=0,"لا ينطبق",IF(L13>=K13,"مكتمل",IF(L13=0,"لا يوجد","عجز"))) | P13: =IF(CAP<=$D$4,D13*CAP/$D$4,IF(CAP>=$J$4,J13*CAP/$J$4,INDEX($D13:$J13,$D$3)+$E$3*(INDEX($D13:$J13,$D$3+1)-INDEX($D13:$J13,$D$3)))) | Q13: إيضاح 11: تشغل وظائف فني بنسبة 30% حتى تقاعد الكادر الحالي ثم تحدث النسبة تدريجياً
A14: 10 | B14: قبالة | C14: فني قبالة 30% | D14: 1 | E14: 2 | F14: 3 | G14: 4 | H14: 6 | I14: 10 | J14: 12 | K14: =IF(RMODE="تقريب لأعلى",ROUNDUP(P14,0),ROUND(P14,0)) | M14: =L14-K14 | N14: =IF(K14=0,"",L14/K14) | O14: =IF(K14=0,"لا ينطبق",IF(L14>=K14,"مكتمل",IF(L14=0,"لا يوجد","عجز"))) | P14: =IF(CAP<=$D$4,D14*CAP/$D$4,IF(CAP>=$J$4,J14*CAP/$J$4,INDEX($D14:$J14,$D$3)+$E$3*(INDEX($D14:$J14,$D$3+1)-INDEX($D14:$J14,$D$3)))) | Q14: إيضاح 11
A15: 11 | B15: فني | C15: فني تخدير | D15: 4 | E15: 6 | F15: 10 | G15: 12 | H15: 15 | I15: 20 | J15: 25 | K15: =IF(RMODE="تقريب لأعلى",ROUNDUP(P15,0),ROUND(P15,0)) | M15: =L15-K15 | N15: =IF(K15=0,"",L15/K15) | O15: =IF(K15=0,"لا ينطبق",IF(L15>=K15,"مكتمل",IF(L15=0,"لا يوجد","عجز"))) | P15: =IF(CAP<=$D$4,D15*CAP/$D$4,IF(CAP>=$J$4,J15*CAP/$J$4,INDEX($D15:$J15,$D$3)+$E$3*(INDEX($D15:$J15,$D$3+1)-INDEX($D15:$J15,$D$3))))
A16: 12 | B16: فني | C16: فني عمليات | D16: 6 | E16: 10 | F16: 10 | G16: 15 | H16: 20 | I16: 25 | J16: 30 | K16: =IF(RMODE="تقريب لأعلى",ROUNDUP(P16,0),ROUND(P16,0)) | M16: =L16-K16 | N16: =IF(K16=0,"",L16/K16) | O16: =IF(K16=0,"لا ينطبق",IF(L16>=K16,"مكتمل",IF(L16=0,"لا يوجد","عجز"))) | P16: =IF(CAP<=$D$4,D16*CAP/$D$4,IF(CAP>=$J$4,J16*CAP/$J$4,INDEX($D16:$J16,$D$3)+$E$3*(INDEX($D16:$J16,$D$3+1)-INDEX($D16:$J16,$D$3))))
A17: 13 | B17: فني | C17: فني علاج تنفسي | D17: 2 | E17: 4 | F17: 6 | G17: 8 | H17: 10 | I17: 12 | J17: 18 | K17: =IF(RMODE="تقريب لأعلى",ROUNDUP(P17,0),ROUND(P17,0)) | M17: =L17-K17 | N17: =IF(K17=0,"",L17/K17) | O17: =IF(K17=0,"لا ينطبق",IF(L17>=K17,"مكتمل",IF(L17=0,"لا يوجد","عجز"))) | P17: =IF(CAP<=$D$4,D17*CAP/$D$4,IF(CAP>=$J$4,J17*CAP/$J$4,INDEX($D17:$J17,$D$3)+$E$3*(INDEX($D17:$J17,$D$3+1)-INDEX($D17:$J17,$D$3)))) | Q17: إيضاح 22: 20% فني من إجمالي العلاج التنفسي
A18: 14 | B18: فني | C18: فني جبائر | D18: 2 | E18: 2 | F18: 2 | G18: 2 | H18: 4 | I18: 4 | J18: 4 | K18: =IF(RMODE="تقريب لأعلى",ROUNDUP(P18,0),ROUND(P18,0)) | M18: =L18-K18 | N18: =IF(K18=0,"",L18/K18) | O18: =IF(K18=0,"لا ينطبق",IF(L18>=K18,"مكتمل",IF(L18=0,"لا يوجد","عجز"))) | P18: =IF(CAP<=$D$4,D18*CAP/$D$4,IF(CAP>=$J$4,J18*CAP/$J$4,INDEX($D18:$J18,$D$3)+$E$3*(INDEX($D18:$J18,$D$3+1)-INDEX($D18:$J18,$D$3))))
A19: 15 | B19: فني | C19: فني تعقيم | D19: 2 | E19: 4 | F19: 6 | G19: 8 | H19: 10 | I19: 12 | J19: 15 | K19: =IF(RMODE="تقريب لأعلى",ROUNDUP(P19,0),ROUND(P19,0)) | M19: =L19-K19 | N19: =IF(K19=0,"",L19/K19) | O19: =IF(K19=0,"لا ينطبق",IF(L19>=K19,"مكتمل",IF(L19=0,"لا يوجد","عجز"))) | P19: =IF(CAP<=$D$4,D19*CAP/$D$4,IF(CAP>=$J$4,J19*CAP/$J$4,INDEX($D19:$J19,$D$3)+$E$3*(INDEX($D19:$J19,$D$3+1)-INDEX($D19:$J19,$D$3))))
A20: 16 | B20: فني | C20: فني إسعاف وطوارئ | D20: 4 | E20: 8 | F20: 12 | G20: 15 | H20: 20 | I20: 25 | J20: 30 | K20: =IF(RMODE="تقريب لأعلى",ROUNDUP(P20,0),ROUND(P20,0)) | M20: =L20-K20 | N20: =IF(K20=0,"",L20/K20) | O20: =IF(K20=0,"لا ينطبق",IF(L20>=K20,"مكتمل",IF(L20=0,"لا يوجد","عجز"))) | P20: =IF(CAP<=$D$4,D20*CAP/$D$4,IF(CAP>=$J$4,J20*CAP/$J$4,INDEX($D20:$J20,$D$3)+$E$3*(INDEX($D20:$J20,$D$3+1)-INDEX($D20:$J20,$D$3))))
A21: 17 | B21: فني | C21: فني تقنية قلب | D21: 0 | E21: 1 | F21: 1 | G21: 2 | H21: 2 | I21: 3 | J21: 3 | K21: =IF(RMODE="تقريب لأعلى",ROUNDUP(P21,0),ROUND(P21,0)) | M21: =L21-K21 | N21: =IF(K21=0,"",L21/K21) | O21: =IF(K21=0,"لا ينطبق",IF(L21>=K21,"مكتمل",IF(L21=0,"لا يوجد","عجز"))) | P21: =IF(CAP<=$D$4,D21*CAP/$D$4,IF(CAP>=$J$4,J21*CAP/$J$4,INDEX($D21:$J21,$D$3)+$E$3*(INDEX($D21:$J21,$D$3+1)-INDEX($D21:$J21,$D$3))))
A22: 18 | B22: فني | C22: فني تخطيط المخ والأعصاب | D22: 0 | E22: 0 | F22: 2 | G22: 2 | H22: 3 | I22: 4 | J22: 4 | K22: =IF(RMODE="تقريب لأعلى",ROUNDUP(P22,0),ROUND(P22,0)) | M22: =L22-K22 | N22: =IF(K22=0,"",L22/K22) | O22: =IF(K22=0,"لا ينطبق",IF(L22>=K22,"مكتمل",IF(L22=0,"لا يوجد","عجز"))) | P22: =IF(CAP<=$D$4,D22*CAP/$D$4,IF(CAP>=$J$4,J22*CAP/$J$4,INDEX($D22:$J22,$D$3)+$E$3*(INDEX($D22:$J22,$D$3+1)-INDEX($D22:$J22,$D$3))))
A23: 19 | B23: فني | C23: فني بصريات | D23: 1 | E23: 1 | F23: 2 | G23: 3 | H23: 4 | I23: 7 | J23: 9 | K23: =IF(RMODE="تقريب لأعلى",ROUNDUP(P23,0),ROUND(P23,0)) | M23: =L23-K23 | N23: =IF(K23=0,"",L23/K23) | O23: =IF(K23=0,"لا ينطبق",IF(L23>=K23,"مكتمل",IF(L23=0,"لا يوجد","عجز"))) | P23: =IF(CAP<=$D$4,D23*CAP/$D$4,IF(CAP>=$J$4,J23*CAP/$J$4,INDEX($D23:$J23,$D$3)+$E$3*(INDEX($D23:$J23,$D$3+1)-INDEX($D23:$J23,$D$3))))
A24: 20 | B24: فني | C24: فني أجهزة طبية | D24: 2 | E24: 2 | F24: 3 | G24: 3 | H24: 3 | I24: 5 | J24: 6 | K24: =IF(RMODE="تقريب لأعلى",ROUNDUP(P24,0),ROUND(P24,0)) | M24: =L24-K24 | N24: =IF(K24=0,"",L24/K24) | O24: =IF(K24=0,"لا ينطبق",IF(L24>=K24,"مكتمل",IF(L24=0,"لا يوجد","عجز"))) | P24: =IF(CAP<=$D$4,D24*CAP/$D$4,IF(CAP>=$J$4,J24*CAP/$J$4,INDEX($D24:$J24,$D$3)+$E$3*(INDEX($D24:$J24,$D$3+1)-INDEX($D24:$J24,$D$3))))
A25: 21 | B25: فني | C25: فني أجهزة الليزر | D25: 0 | E25: 1 | F25: 1 | G25: 1 | H25: 2 | I25: 2 | J25: 2 | K25: =IF(RMODE="تقريب لأعلى",ROUNDUP(P25,0),ROUND(P25,0)) | M25: =L25-K25 | N25: =IF(K25=0,"",L25/K25) | O25: =IF(K25=0,"لا ينطبق",IF(L25>=K25,"مكتمل",IF(L25=0,"لا يوجد","عجز"))) | P25: =IF(CAP<=$D$4,D25*CAP/$D$4,IF(CAP>=$J$4,J25*CAP/$J$4,INDEX($D25:$J25,$D$3)+$E$3*(INDEX($D25:$J25,$D$3+1)-INDEX($D25:$J25,$D$3))))
A26: 22 | B26: فني | C26: سكرتير طبي | D26: 5 | E26: 15 | F26: 20 | G26: 25 | H26: 25 | I26: 30 | J26: 30 | K26: =IF(RMODE="تقريب لأعلى",ROUNDUP(P26,0),ROUND(P26,0)) | M26: =L26-K26 | N26: =IF(K26=0,"",L26/K26) | O26: =IF(K26=0,"لا ينطبق",IF(L26>=K26,"مكتمل",IF(L26=0,"لا يوجد","عجز"))) | P26: =IF(CAP<=$D$4,D26*CAP/$D$4,IF(CAP>=$J$4,J26*CAP/$J$4,INDEX($D26:$J26,$D$3)+$E$3*(INDEX($D26:$J26,$D$3+1)-INDEX($D26:$J26,$D$3))))
A27: 23 | B27: فني | C27: فني معلوماتية صحية | D27: 4 | E27: 8 | F27: 12 | G27: 12 | H27: 15 | I27: 20 | J27: 25 | K27: =IF(RMODE="تقريب لأعلى",ROUNDUP(P27,0),ROUND(P27,0)) | M27: =L27-K27 | N27: =IF(K27=0,"",L27/K27) | O27: =IF(K27=0,"لا ينطبق",IF(L27>=K27,"مكتمل",IF(L27=0,"لا يوجد","عجز"))) | P27: =IF(CAP<=$D$4,D27*CAP/$D$4,IF(CAP>=$J$4,J27*CAP/$J$4,INDEX($D27:$J27,$D$3)+$E$3*(INDEX($D27:$J27,$D$3+1)-INDEX($D27:$J27,$D$3))))
A28: 24 | B28: فني | C28: فني مراقب وبائيات | D28: 1 | E28: 1 | F28: 1 | G28: 1 | H28: 2 | I28: 2 | J28: 3 | K28: =IF(RMODE="تقريب لأعلى",ROUNDUP(P28,0),ROUND(P28,0)) | M28: =L28-K28 | N28: =IF(K28=0,"",L28/K28) | O28: =IF(K28=0,"لا ينطبق",IF(L28>=K28,"مكتمل",IF(L28=0,"لا يوجد","عجز"))) | P28: =IF(CAP<=$D$4,D28*CAP/$D$4,IF(CAP>=$J$4,J28*CAP/$J$4,INDEX($D28:$J28,$D$3)+$E$3*(INDEX($D28:$J28,$D$3+1)-INDEX($D28:$J28,$D$3))))
A29: 25 | B29: فني | C29: فني صحة عامة | D29: 1 | E29: 1 | F29: 2 | G29: 3 | H29: 4 | I29: 5 | J29: 6 | K29: =IF(RMODE="تقريب لأعلى",ROUNDUP(P29,0),ROUND(P29,0)) | M29: =L29-K29 | N29: =IF(K29=0,"",L29/K29) | O29: =IF(K29=0,"لا ينطبق",IF(L29>=K29,"مكتمل",IF(L29=0,"لا يوجد","عجز"))) | P29: =IF(CAP<=$D$4,D29*CAP/$D$4,IF(CAP>=$J$4,J29*CAP/$J$4,INDEX($D29:$J29,$D$3)+$E$3*(INDEX($D29:$J29,$D$3+1)-INDEX($D29:$J29,$D$3))))
... A34: 30 | B34: فني | C34: مساعد مدير مستشفى | D34: 0 | E34: 0 | F34: 0 | G34: 1 | H34: 2 | I34: 2 | J34: 2 | K34: =IF(RMODE="تقريب لأعلى",ROUNDUP(P34,0),ROUND(P34,0)) | M34: =L34-K34 | N34: =IF(K34=0,"",L34/K34) | O34: =IF(K34=0,"لا ينطبق",IF(L34>=K34,"مكتمل",IF(L34=0,"لا يوجد","عجز"))) | P34: =IF(CAP<=$D$4,D34*CAP/$D$4,IF(CAP>=$J$4,J34*CAP/$J$4,INDEX($D34:$J34,$D$3)+$E$3*(INDEX($D34:$J34,$D$3+1)-INDEX($D34:$J34,$D$3))))
C35: المجموع (محسوب من الجدول) | D35: =SUM(D5:D34) | E35: =SUM(E5:E34) | F35: =SUM(F5:F34) | G35: =SUM(G5:G34) | H35: =SUM(H5:H34) | I35: =SUM(I5:I34) | J35: =SUM(J5:J34) | K35: =SUM(K5:K34) | ... M35: =SUM(M5:M34) | N35: =IF(K35=0,"",L35/K35) | P35: =SUM(P5:P34)
C36: المجموع المنشور في الدليل | D36: 98 | E36: 189 | F36: 274 | G36: 359 | H36: 507 | I36: 689 | J36: 851
C37: الفرق (محسوب − منشور) | D37: =D35-D36 | E37: =E35-E36 | F37: =F35-F36 | G37: =G35-G36 | H37: =H35-H36 | I37: =I35-I36 | J37: =J35-J36

Sheet عام - الصيادلة
A1: عام - الصيادلة
A2: الملحق (1) — الصيادلة (صفحة 29)
C3: معاملا الاستيفاء ◄ | D3: =IFERROR(MATCH(CAP,$D$4:$J$4,1),1) | E3: =IF(OR(CAP<=$D$4,CAP>=$J$4),0,(CAP-INDEX($D$4:$J$4,$D$3))/(INDEX($D$4:$J$4,$D$3+1)-INDEX($D$4:$J$4,$D$3)))
A4: م | B4: الفئة | C4: المسمى الوظيفي | D4: 50 | E4: 100 | F4: 150 | G4: 200 | H4: 300 | I4: 400 | J4: 500 | K4: الاحتياج للسعة المدخلة | L4: الموجود فعلياً | M4: الفجوة (+فائض / -عجز) | N4: نسبة التغطية | O4: الحالة | P4: القيمة قبل التقريب | Q4: ملاحظات
A5: 1 | B5: صيدلي | C5: صيدلي استشاري إكلينيكي | D5: 2 | E5: 4 | F5: 6 | G5: 8 | H5: 12 | I5: 16 | J5: 20 | K5: =IF(RMODE="تقريب لأعلى",ROUNDUP(P5,0),ROUND(P5,0)) | M5: =L5-K5 | N5: =IF(K5=0,"",L5/K5) | O5: =IF(K5=0,"لا ينطبق",IF(L5>=K5,"مكتمل",IF(L5=0,"لا يوجد","عجز"))) | P5: =IF(CAP<=$D$4,D5*CAP/$D$4,IF(CAP>=$J$4,J5*CAP/$J$4,INDEX($D5:$J5,$D$3)+$E$3*(INDEX($D5:$J5,$D$3+1)-INDEX($D5:$J5,$D$3))))
A6: 2 | B6: صيدلي | C6: صيدلي أول إكلينيكي | D6: 3 | E6: 7 | F6: 11 | G6: 15 | H6: 22 | I6: 30 | J6: 37 | K6: =IF(RMODE="تقريب لأعلى",ROUNDUP(P6,0),ROUND(P6,0)) | M6: =L6-K6 | N6: =IF(K6=0,"",L6/K6) | O6: =IF(K6=0,"لا ينطبق",IF(L6>=K6,"مكتمل",IF(L6=0,"لا يوجد","عجز"))) | P6: =IF(CAP<=$D$4,D6*CAP/$D$4,IF(CAP>=$J$4,J6*CAP/$J$4,INDEX($D6:$J6,$D$3)+$E$3*(INDEX($D6:$J6,$D$3+1)-INDEX($D6:$J6,$D$3))))
A7: 3 | B7: صيدلي | C7: صيدلي إكلينيكي | D7: 0 | E7: 0 | F7: 0 | G7: 0 | H7: 0 | I7: 0 | J7: 0 | K7: =IF(RMODE="تقريب لأعلى",ROUNDUP(P7,0),ROUND(P7,0)) | M7: =L7-K7 | N7: =IF(K7=0,"",L7/K7) | O7: =IF(K7=0,"لا ينطبق",IF(L7>=K7,"مكتمل",IF(L7=0,"لا يوجد","عجز"))) | P7: =IF(CAP<=$D$4,D7*CAP/$D$4,IF(CAP>=$J$4,J7*CAP/$J$4,INDEX($D7:$J7,$D$3)+$E$3*(INDEX($D7:$J7,$D$3+1)-INDEX($D7:$J7,$D$3)))) | Q7: وارد في الدليل بقيم صفرية
A8: 4 | B8: صيدلي | C8: صيدلي استشاري | D8: 1 | E8: 1 | F8: 1 | G8: 1 | H8: 1 | I8: 1 | J8: 1 | K8: =IF(RMODE="تقريب لأعلى",ROUNDUP(P8,0),ROUND(P8,0)) | M8: =L8-K8 | N8: =IF(K8=0,"",L8/K8) | O8: =IF(K8=0,"لا ينطبق",IF(L8>=K8,"مكتمل",IF(L8=0,"لا يوجد","عجز"))) | P8: =IF(CAP<=$D$4,D8*CAP/$D$4,IF(CAP>=$J$4,J8*CAP/$J$4,INDEX($D8:$J8,$D$3)+$E$3*(INDEX($D8:$J8,$D$3+1)-INDEX($D8:$J8,$D$3))))
A9: 5 | B9: صيدلي | C9: صيدلي أول | D9: 2 | E9: 2 | F9: 2 | G9: 2 | H9: 2 | I9: 2 | J9: 2 | K9: =IF(RMODE="تقريب لأعلى",ROUNDUP(P9,0),ROUND(P9,0)) | M9: =L9-K9 | N9: =IF(K9=0,"",L9/K9) | O9: =IF(K9=0,"لا ينطبق",IF(L9>=K9,"مكتمل",IF(L9=0,"لا يوجد","عجز"))) | P9: =IF(CAP<=$D$4,D9*CAP/$D$4,IF(CAP>=$J$4,J9*CAP/$J$4,INDEX($D9:$J9,$D$3)+$E$3*(INDEX($D9:$J9,$D$3+1)-INDEX($D9:$J9,$D$3))))
A10: 6 | B10: صيدلي | C10: صيدلي | D10: 12 | E10: 25 | F10: 37 | G10: 50 | H10: 75 | I10: 100 | J10: 125 | K10: =IF(RMODE="تقريب لأعلى",ROUNDUP(P10,0),ROUND(P10,0)) | M10: =L10-K10 | N10: =IF(K10=0,"",L10/K10) | O10: =IF(K10=0,"لا ينطبق",IF(L10>=K10,"مكتمل",IF(L10=0,"لا يوجد","عجز"))) | P10: =IF(CAP<=$D$4,D10*CAP/$D$4,IF(CAP>=$J$4,J10*CAP/$J$4,INDEX($D10:$J10,$D$3)+$E$3*(INDEX($D10:$J10,$D$3+1)-INDEX($D10:$J10,$D$3))))
A11: 7 | B11: صيدلي | C11: مساعد صيدلي | D11: 15 | E11: 30 | F11: 45 | G11: 60 | H11: 90 | I11: 120 | J11: 150 | K11: =IF(RMODE="تقريب لأعلى",ROUNDUP(P11,0),ROUND(P11,0)) | M11: =L11-K11 | N11: =IF(K11=0,"",L11/K11) | O11: =IF(K11=0,"لا ينطبق",IF(L11>=K11,"مكتمل",IF(L11=0,"لا يوجد","عجز"))) | P11: =IF(CAP<=$D$4,D11*CAP/$D$4,IF(CAP>=$J$4,J11*CAP/$J$4,INDEX($D11:$J11,$D$3)+$E$3*(INDEX($D11:$J11,$D$3+1)-INDEX($D11:$J11,$D$3))))
C12: المجموع (محسوب من الجدول) | D12: =SUM(D5:D11) | E12: =SUM(E5:E11) | F12: =SUM(F5:F11) | G12: =SUM(G5:G11) | H12: =SUM(H5:H11) | I12: =SUM(I5:I11) | J12: =SUM(J5:J11) | K12: =SUM(K5:K11) | ... M12: =SUM(M5:M11) | N12: =IF(K12=0,"",L12/K12) | P12: =SUM(P5:P11)
C13: المجموع المنشور في الدليل | D13: 35 | E13: 69 | F13: 102 | G13: 136 | H13: 202 | I13: 269 | J13: 335
C14: الفرق (محسوب − منشور) | D14: =D12-D13 | E14: =E12-E13 | F14: =F12-F13 | G14: =G12-G13 | H14: =H12-H13 | I14: =I12-I13 | J14: =J12-J13

Sheet عام - المساعد الصحي
A1: عام - المساعد الصحي
A2: الملحق (1) — المساعد الصحي (صفحة 29)
C3: معاملا الاستيفاء ◄ | D3: =IFERROR(MATCH(CAP,$D$4:$J$4,1),1) | E3: =IF(OR(CAP<=$D$4,CAP>=$J$4),0,(CAP-INDEX($D$4:$J$4,$D$3))/(INDEX($D$4:$J$4,$D$3+1)-INDEX($D$4:$J$4,$D$3)))
A4: م | B4: الفئة | C4: المسمى الوظيفي | D4: 50 | E4: 100 | F4: 150 | G4: 200 | H4: 300 | I4: 400 | J4: 500 | K4: الاحتياج للسعة المدخلة | L4: الموجود فعلياً | M4: الفجوة (+فائض / -عجز) | N4: نسبة التغطية | O4: الحالة | P4: القيمة قبل التقريب | Q4: ملاحظات
A5: 1 | B5: مساعد صحي | C5: مساعد صحي / فني رعاية مرضى | D5: 18 | E5: 36 | F5: 56 | G5: 78 | H5: 120 | I5: 165 | J5: 210 | K5: =IF(RMODE="تقريب لأعلى",ROUNDUP(P5,0),ROUND(P5,0)) | M5: =L5-K5 | N5: =IF(K5=0,"",L5/K5) | O5: =IF(K5=0,"لا ينطبق",IF(L5>=K5,"مكتمل",IF(L5=0,"لا يوجد","عجز"))) | P5: =IF(CAP<=$D$4,D5*CAP/$D$4,IF(CAP>=$J$4,J5*CAP/$J$4,INDEX($D5:$J5,$D$3)+$E$3*(INDEX($D5:$J5,$D$3+1)-INDEX($D5:$J5,$D$3)))) | Q5: إيضاح 40: أضيف فني رعاية مرضى (مساعدة ممرضة سابقاً) بناءً على معايير الهيئة السعودية للتخصصات الصحية
A6: 2 | B6: مساعد صحي | C6: مساعد تمريض رجال | D6: 3 | E6: 4 | F6: 6 | G6: 8 | H6: 10 | I6: 10 | J6: 15 | K6: =IF(RMODE="تقريب لأعلى",ROUNDUP(P6,0),ROUND(P6,0)) | M6: =L6-K6 | N6: =IF(K6=0,"",L6/K6) | O6: =IF(K6=0,"لا ينطبق",IF(L6>=K6,"مكتمل",IF(L6=0,"لا يوجد","عجز"))) | P6: =IF(CAP<=$D$4,D6*CAP/$D$4,IF(CAP>=$J$4,J6*CAP/$J$4,INDEX($D6:$J6,$D$3)+$E$3*(INDEX($D6:$J6,$D$3+1)-INDEX($D6:$J6,$D$3))))
A7: 3 | B7: مساعد صحي | C7: مسعف | D7: 6 | E7: 10 | F7: 10 | G7: 13 | H7: 14 | I7: 17 | J7: 20 | K7: =IF(RMODE="تقريب لأعلى",ROUNDUP(P7,0),ROUND(P7,0)) | M7: =L7-K7 | N7: =IF(K7=0,"",L7/K7) | O7: =IF(K7=0,"لا ينطبق",IF(L7>=K7,"مكتمل",IF(L7=0,"لا يوجد","عجز"))) | P7: =IF(CAP<=$D$4,D7*CAP/$D$4,IF(CAP>=$J$4,J7*CAP/$J$4,INDEX($D7:$J7,$D$3)+$E$3*(INDEX($D7:$J7,$D$3+1)-INDEX($D7:$J7,$D$3))))
A8: 4 | B8: مساعد صحي | C8: مسعف (سائق) | D8: 6 | E8: 8 | F8: 8 | G8: 11 | H8: 11 | I8: 15 | J8: 18 | K8: =IF(RMODE="تقريب لأعلى",ROUNDUP(P8,0),ROUND(P8,0)) | M8: =L8-K8 | N8: =IF(K8=0,"",L8/K8) | O8: =IF(K8=0,"لا ينطبق",IF(L8>=K8,"مكتمل",IF(L8=0,"لا يوجد","عجز"))) | P8: =IF(CAP<=$D$4,D8*CAP/$D$4,IF(CAP>=$J$4,J8*CAP/$J$4,INDEX($D8:$J8,$D$3)+$E$3*(INDEX($D8:$J8,$D$3+1)-INDEX($D8:$J8,$D$3))))
A9: 5 | B9: مساعد صحي | C9: مساعد صحي سحب دم | D9: 2 | E9: 6 | F9: 6 | G9: 8 | H9: 10 | I9: 12 | J9: 12 | K9: =IF(RMODE="تقريب لأعلى",ROUNDUP(P9,0),ROUND(P9,0)) | M9: =L9-K9 | N9: =IF(K9=0,"",L9/K9) | O9: =IF(K9=0,"لا ينطبق",IF(L9>=K9,"مكتمل",IF(L9=0,"لا يوجد","عجز"))) | P9: =IF(CAP<=$D$4,D9*CAP/$D$4,IF(CAP>=$J$4,J9*CAP/$J$4,INDEX($D9:$J9,$D$3)+$E$3*(INDEX($D9:$J9,$D$3+1)-INDEX($D9:$J9,$D$3))))
C10: المجموع (محسوب من الجدول) | D10: =SUM(D5:D9) | E10: =SUM(E5:E9) | F10: =SUM(F5:F9) | G10: =SUM(G5:G9) | H10: =SUM(H5:H9) | I10: =SUM(I5:I9) | J10: =SUM(J5:J9) | K10: =SUM(K5:K9) | ... M10: =SUM(M5:M9) | N10: =IF(K10=0,"",L10/K10) | P10: =SUM(P5:P9)
C11: المجموع المنشور في الدليل | D11: 35 | E11: 64 | F11: 86 | G11: 118 | H11: 165 | I11: 219 | J11: 275
C12: الفرق (محسوب − منشور) | D12: =D10-D11 | E12: =E10-E11 | F12: =F10-F11 | G12: =G10-G11 | H12: =H10-H11 | I12: =I10-I11 | J12: =J10-J11

Sheet عام - الإداريون
A1: عام - الإداريون
A2: الملحق (1) — الإداريون (صفحات 29-30)
C3: معاملا الاستيفاء ◄ | D3: =IFERROR(MATCH(CAP,$D$4:$J$4,1),1) | E3: =IF(OR(CAP<=$D$4,CAP>=$J$4),0,(CAP-INDEX($D$4:$J$4,$D$3))/(INDEX($D$4:$J$4,$D$3+1)-INDEX($D$4:$J$4,$D$3)))
A4: م | B4: الفئة | C4: المسمى الوظيفي | D4: 50 | E4: 100 | F4: 150 | G4: 200 | H4: 300 | I4: 400 | J4: 500 | K4: الاحتياج للسعة المدخلة | L4: الموجود فعلياً | M4: الفجوة (+فائض / -عجز) | N4: نسبة التغطية | O4: الحالة | P4: القيمة قبل التقريب | Q4: ملاحظات
A5: 1 | B5: إداري | C5: سكرتير | D5: 2 | E5: 4 | F5: 4 | G5: 8 | H5: 8 | I5: 12 | J5: 14 | K5: =IF(RMODE="تقريب لأعلى",ROUNDUP(P5,0),ROUND(P5,0)) | M5: =L5-K5 | N5: =IF(K5=0,"",L5/K5) | O5: =IF(K5=0,"لا ينطبق",IF(L5>=K5,"مكتمل",IF(L5=0,"لا يوجد","عجز"))) | P5: =IF(CAP<=$D$4,D5*CAP/$D$4,IF(CAP>=$J$4,J5*CAP/$J$4,INDEX($D5:$J5,$D$3)+$E$3*(INDEX($D5:$J5,$D$3+1)-INDEX($D5:$J5,$D$3))))
A6: 2 | B6: إداري | C6: مندوب مشتريات | D6: 1 | E6: 2 | F6: 2 | G6: 2 | H6: 2 | I6: 3 | J6: 4 | K6: =IF(RMODE="تقريب لأعلى",ROUNDUP(P6,0),ROUND(P6,0)) | M6: =L6-K6 | N6: =IF(K6=0,"",L6/K6) | O6: =IF(K6=0,"لا ينطبق",IF(L6>=K6,"مكتمل",IF(L6=0,"لا يوجد","عجز"))) | P6: =IF(CAP<=$D$4,D6*CAP/$D$4,IF(CAP>=$J$4,J6*CAP/$J$4,INDEX($D6:$J6,$D$3)+$E$3*(INDEX($D6:$J6,$D$3+1)-INDEX($D6:$J6,$D$3))))
A7: 3 | B7: إداري | C7: أمين صندوق | D7: 1 | E7: 1 | F7: 1 | G7: 1 | H7: 1 | I7: 1 | J7: 1 | K7: =IF(RMODE="تقريب لأعلى",ROUNDUP(P7,0),ROUND(P7,0)) | M7: =L7-K7 | N7: =IF(K7=0,"",L7/K7) | O7: =IF(K7=0,"لا ينطبق",IF(L7>=K7,"مكتمل",IF(L7=0,"لا يوجد","عجز"))) | P7: =IF(CAP<=$D$4,D7*CAP/$D$4,IF(CAP>=$J$4,J7*CAP/$J$4,INDEX($D7:$J7,$D$3)+$E$3*(INDEX($D7:$J7,$D$3+1)-INDEX($D7:$J7,$D$3))))
A8: 4 | B8: إداري | C8: مساعد إداري * | D8: 23 | E8: 40 | F8: 46 | G8: 57 | H8: 61 | I8: 78 | J8: 90 | K8: =IF(RMODE="تقريب لأعلى",ROUNDUP(P8,0),ROUND(P8,0)) | M8: =L8-K8 | N8: =IF(K8=0,"",L8/K8) | O8: =IF(K8=0,"لا ينطبق",IF(L8>=K8,"مكتمل",IF(L8=0,"لا يوجد","عجز"))) | P8: =IF(CAP<=$D$4,D8*CAP/$D$4,IF(CAP>=$J$4,J8*CAP/$J$4,INDEX($D8:$J8,$D$3)+$E$3*(INDEX($D8:$J8,$D$3+1)-INDEX($D8:$J8,$D$3)))) | Q8: * يشمل (كاتب، كاتب جناح، ومشغل حاسب آلي) — إيضاح 32
A9: 5 | B9: إداري | C9: أمين مستودع | D9: 2 | E9: 3 | F9: 3 | G9: 4 | H9: 4 | I9: 8 | J9: 10 | K9: =IF(RMODE="تقريب لأعلى",ROUNDUP(P9,0),ROUND(P9,0)) | M9: =L9-K9 | N9: =IF(K9=0,"",L9/K9) | O9: =IF(K9=0,"لا ينطبق",IF(L9>=K9,"مكتمل",IF(L9=0,"لا يوجد","عجز"))) | P9: =IF(CAP<=$D$4,D9*CAP/$D$4,IF(CAP>=$J$4,J9*CAP/$J$4,INDEX($D9:$J9,$D$3)+$E$3*(INDEX($D9:$J9,$D$3+1)-INDEX($D9:$J9,$D$3))))
A10: 6 | B10: إداري | C10: فني إحصاء طبي | D10: 2 | E10: 5 | F10: 5 | G10: 8 | H10: 8 | I10: 10 | J10: 12 | K10: =IF(RMODE="تقريب لأعلى",ROUNDUP(P10,0),ROUND(P10,0)) | M10: =L10-K10 | N10: =IF(K10=0,"",L10/K10) | O10: =IF(K10=0,"لا ينطبق",IF(L10>=K10,"مكتمل",IF(L10=0,"لا يوجد","عجز"))) | P10: =IF(CAP<=$D$4,D10*CAP/$D$4,IF(CAP>=$J$4,J10*CAP/$J$4,INDEX($D10:$J10,$D$3)+$E$3*(INDEX($D10:$J10,$D$3+1)-INDEX($D10:$J10,$D$3))))
A11: 7 | B11: إداري | C11: مدير مالي | D11: 1 | E11: 1 | F11: 1 | G11: 1 | H11: 1 | I11: 1 | J11: 2 | K11: =IF(RMODE="تقريب لأعلى",ROUNDUP(P11,0),ROUND(P11,0)) | M11: =L11-K11 | N11: =IF(K11=0,"",L11/K11) | O11: =IF(K11=0,"لا ينطبق",IF(L11>=K11,"مكتمل",IF(L11=0,"لا يوجد","عجز"))) | P11: =IF(CAP<=$D$4,D11*CAP/$D$4,IF(CAP>=$J$4,J11*CAP/$J$4,INDEX($D11:$J11,$D$3)+$E$3*(INDEX($D11:$J11,$D$3+1)-INDEX($D11:$J11,$D$3))))
A12: 8 | B12: إداري | C12: مدير حسابات | D12: 1 | E12: 1 | F12: 1 | G12: 1 | H12: 1 | I12: 2 | J12: 2 | K12: =IF(RMODE="تقريب لأعلى",ROUNDUP(P12,0),ROUND(P12,0)) | M12: =L12-K12 | N12: =IF(K12=0,"",L12/K12) | O12: =IF(K12=0,"لا ينطبق",IF(L12>=K12,"مكتمل",IF(L12=0,"لا يوجد","عجز"))) | P12: =IF(CAP<=$D$4,D12*CAP/$D$4,IF(CAP>=$J$4,J12*CAP/$J$4,INDEX($D12:$J12,$D$3)+$E$3*(INDEX($D12:$J12,$D$3+1)-INDEX($D12:$J12,$D$3))))
A13: 9 | B13: إداري | C13: محاسب | D13: 1 | E13: 1 | F13: 1 | G13: 1 | H13: 1 | I13: 1 | J13: 1 | K13: =IF(RMODE="تقريب لأعلى",ROUNDUP(P13,0),ROUND(P13,0)) | M13: =L13-K13 | N13: =IF(K13=0,"",L13/K13) | O13: =IF(K13=0,"لا ينطبق",IF(L13>=K13,"مكتمل",IF(L13=0,"لا يوجد","عجز"))) | P13: =IF(CAP<=$D$4,D13*CAP/$D$4,IF(CAP>=$J$4,J13*CAP/$J$4,INDEX($D13:$J13,$D$3)+$E$3*(INDEX($D13:$J13,$D$3+1)-INDEX($D13:$J13,$D$3))))
A14: 10 | B14: إداري | C14: محاسب مساعد | D14: 3 | E14: 6 | F14: 6 | G14: 10 | H14: 10 | I14: 12 | J14: 12 | K14: =IF(RMODE="تقريب لأعلى",ROUNDUP(P14,0),ROUND(P14,0)) | M14: =L14-K14 | N14: =IF(K14=0,"",L14/K14) | O14: =IF(K14=0,"لا ينطبق",IF(L14>=K14,"مكتمل",IF(L14=0,"لا يوجد","عجز"))) | P14: =IF(CAP<=$D$4,D14*CAP/$D$4,IF(CAP>=$J$4,J14*CAP/$J$4,INDEX($D14:$J14,$D$3)+$E$3*(INDEX($D14:$J14,$D$3+1)-INDEX($D14:$J14,$D$3))))
A15: 11 | B15: إداري | C15: مساعد حسابات | D15: 1 | E15: 2 | F15: 2 | G15: 3 | H15: 3 | I15: 4 | J15: 4 | K15: =IF(RMODE="تقريب لأعلى",ROUNDUP(P15,0),ROUND(P15,0)) | M15: =L15-K15 | N15: =IF(K15=0,"",L15/K15) | O15: =IF(K15=0,"لا ينطبق",IF(L15>=K15,"مكتمل",IF(L15=0,"لا يوجد","عجز"))) | P15: =IF(CAP<=$D$4,D15*CAP/$D$4,IF(CAP>=$J$4,J15*CAP/$J$4,INDEX($D15:$J15,$D$3)+$E$3*(INDEX($D15:$J15,$D$3+1)-INDEX($D15:$J15,$D$3))))
A16: 12 | B16: إداري | C16: أخصائي مشتريات | D16: 0 | E16: 1 | F16: 1 | G16: 1 | H16: 1 | I16: 3 | J16: 3 | K16: =IF(RMODE="تقريب لأعلى",ROUNDUP(P16,0),ROUND(P16,0)) | M16: =L16-K16 | N16: =IF(K16=0,"",L16/K16) | O16: =IF(K16=0,"لا ينطبق",IF(L16>=K16,"مكتمل",IF(L16=0,"لا يوجد","عجز"))) | P16: =IF(CAP<=$D$4,D16*CAP/$D$4,IF(CAP>=$J$4,J16*CAP/$J$4,INDEX($D16:$J16,$D$3)+$E$3*(INDEX($D16:$J16,$D$3+1)-INDEX($D16:$J16,$D$3))))
A17: 13 | B17: إداري | C17: موظف صندوق محاسبة | D17: 1 | E17: 1 | F17: 1 | G17: 2 | H17: 2 | I17: 2 | J17: 3 | K17: =IF(RMODE="تقريب لأعلى",ROUNDUP(P17,0),ROUND(P17,0)) | M17: =L17-K17 | N17: =IF(K17=0,"",L17/K17) | O17: =IF(K17=0,"لا ينطبق",IF(L17>=K17,"مكتمل",IF(L17=0,"لا يوجد","عجز"))) | P17: =IF(CAP<=$D$4,D17*CAP/$D$4,IF(CAP>=$J$4,J17*CAP/$J$4,INDEX($D17:$J17,$D$3)+$E$3*(INDEX($D17:$J17,$D$3+1)-INDEX($D17:$J17,$D$3))))
A18: 14 | B18: إداري | C18: أخصائي موازنة مالية | D18: 0 | E18: 1 | F18: 1 | G18: 2 | H18: 2 | I18: 2 | J18: 2 | K18: =IF(RMODE="تقريب لأعلى",ROUNDUP(P18,0),ROUND(P18,0)) | M18: =L18-K18 | N18: =IF(K18=0,"",L18/K18) | O18: =IF(K18=0,"لا ينطبق",IF(L18>=K18,"مكتمل",IF(L18=0,"لا يوجد","عجز"))) | P18: =IF(CAP<=$D$4,D18*CAP/$D$4,IF(CAP>=$J$4,J18*CAP/$J$4,INDEX($D18:$J18,$D$3)+$E$3*(INDEX($D18:$J18,$D$3+1)-INDEX($D18:$J18,$D$3))))
A19: 15 | B19: إداري | C19: أخصائي تخطيط مالي | D19: 0 | E19: 1 | F19: 1 | G19: 1 | H19: 1 | I19: 2 | J19: 2 | K19: =IF(RMODE="تقريب لأعلى",ROUNDUP(P19,0),ROUND(P19,0)) | M19: =L19-K19 | N19: =IF(K19=0,"",L19/K19) | O19: =IF(K19=0,"لا ينطبق",IF(L19>=K19,"مكتمل",IF(L19=0,"لا يوجد","عجز"))) | P19: =IF(CAP<=$D$4,D19*CAP/$D$4,IF(CAP>=$J$4,J19*CAP/$J$4,INDEX($D19:$J19,$D$3)+$E$3*(INDEX($D19:$J19,$D$3+1)-INDEX($D19:$J19,$D$3))))
A20: 16 | B20: إداري | C20: أخصائي إيرادات حكومية | D20: 0 | E20: 1 | F20: 1 | G20: 1 | H20: 2 | I20: 2 | J20: 2 | K20: =IF(RMODE="تقريب لأعلى",ROUNDUP(P20,0),ROUND(P20,0)) | M20: =L20-K20 | N20: =IF(K20=0,"",L20/K20) | O20: =IF(K20=0,"لا ينطبق",IF(L20>=K20,"مكتمل",IF(L20=0,"لا يوجد","عجز"))) | P20: =IF(CAP<=$D$4,D20*CAP/$D$4,IF(CAP>=$J$4,J20*CAP/$J$4,INDEX($D20:$J20,$D$3)+$E$3*(INDEX($D20:$J20,$D$3+1)-INDEX($D20:$J20,$D$3))))
... A55: 51 | B55: إداري | C55: سائق سيارة | D55: 5 | E55: 5 | F55: 5 | G55: 8 | H55: 8 | I55: 8 | J55: 10 | K55: =IF(RMODE="تقريب لأعلى",ROUNDUP(P55,0),ROUND(P55,0)) | M55: =L55-K55 | N55: =IF(K55=0,"",L55/K55) | O55: =IF(K55=0,"لا ينطبق",IF(L55>=K55,"مكتمل",IF(L55=0,"لا يوجد","عجز"))) | P55: =IF(CAP<=$D$4,D55*CAP/$D$4,IF(CAP>=$J$4,J55*CAP/$J$4,INDEX($D55:$J55,$D$3)+$E$3*(INDEX($D55:$J55,$D$3+1)-INDEX($D55:$J55,$D$3))))
C56: المجموع (محسوب من الجدول) | D56: =SUM(D5:D55) | E56: =SUM(E5:E55) | F56: =SUM(F5:F55) | G56: =SUM(G5:G55) | H56: =SUM(H5:H55) | I56: =SUM(I5:I55) | J56: =SUM(J5:J55) | K56: =SUM(K5:K55) | ... M56: =SUM(M5:M55) | N56: =IF(K56=0,"",L56/K56) | P56: =SUM(P5:P55)
C57: المجموع المنشور في الدليل | D57: 100 | E57: 147 | F57: 167 | G57: 217 | H57: 247 | I57: 303 | J57: 340
C58: الفرق (محسوب − منشور) | D58: =D56-D57 | E58: =E56-E57 | F58: =F56-F57 | G58: =G56-G57 | H58: =H56-H57 | I58: =I56-I57 | J58: =J56-J57

Sheet ولادة - الأطباء
A1: ولادة - الأطباء
A2: الملحق (2) — مستشفيات الولادة والأطفال: فئة الأطباء (صفحات 48-50)
C3: معاملا الاستيفاء ◄ | D3: =IFERROR(MATCH(CAP,$D$4:$I$4,1),1) | E3: =IF(OR(CAP<=$D$4,CAP>=$I$4),0,(CAP-INDEX($D$4:$I$4,$D$3))/(INDEX($D$4:$I$4,$D$3+1)-INDEX($D$4:$I$4,$D$3)))
A4: م | B4: الفئة | C4: المسمى الوظيفي | D4: 100 | E4: 150 | F4: 200 | G4: 300 | H4: 400 | I4: 500 | J4: الاحتياج للسعة المدخلة | K4: الموجود فعلياً | L4: الفجوة (+فائض / -عجز) | M4: نسبة التغطية | N4: الحالة | O4: القيمة قبل التقريب | P4: ملاحظات
A5: 1 | B5: طبيب | C5: استشاري باطنة | D5: 3 | E5: 3 | F5: 3 | G5: 4 | H5: 4 | I5: 8 | J5: =IF(RMODE="تقريب لأعلى",ROUNDUP(O5,0),ROUND(O5,0)) | L5: =K5-J5 | M5: =IF(J5=0,"",K5/J5) | N5: =IF(J5=0,"لا ينطبق",IF(K5>=J5,"مكتمل",IF(K5=0,"لا يوجد","عجز"))) | O5: =IF(CAP<=$D$4,D5*CAP/$D$4,IF(CAP>=$I$4,I5*CAP/$I$4,INDEX($D5:$I5,$D$3)+$E$3*(INDEX($D5:$I5,$D$3+1)-INDEX($D5:$I5,$D$3))))
A6: 2 | B6: طبيب | C6: أخصائي باطنة | D6: 4 | E6: 4 | F6: 6 | G6: 8 | H6: 8 | I6: 10 | J6: =IF(RMODE="تقريب لأعلى",ROUNDUP(O6,0),ROUND(O6,0)) | L6: =K6-J6 | M6: =IF(J6=0,"",K6/J6) | N6: =IF(J6=0,"لا ينطبق",IF(K6>=J6,"مكتمل",IF(K6=0,"لا يوجد","عجز"))) | O6: =IF(CAP<=$D$4,D6*CAP/$D$4,IF(CAP>=$I$4,I6*CAP/$I$4,INDEX($D6:$I6,$D$3)+$E$3*(INDEX($D6:$I6,$D$3+1)-INDEX($D6:$I6,$D$3))))
A7: 3 | B7: طبيب | C7: مقيم باطنة | D7: 4 | E7: 4 | F7: 4 | G7: 4 | H7: 4 | I7: 4 | J7: =IF(RMODE="تقريب لأعلى",ROUNDUP(O7,0),ROUND(O7,0)) | L7: =K7-J7 | M7: =IF(J7=0,"",K7/J7) | N7: =IF(J7=0,"لا ينطبق",IF(K7>=J7,"مكتمل",IF(K7=0,"لا يوجد","عجز"))) | O7: =IF(CAP<=$D$4,D7*CAP/$D$4,IF(CAP>=$I$4,I7*CAP/$I$4,INDEX($D7:$I7,$D$3)+$E$3*(INDEX($D7:$I7,$D$3+1)-INDEX($D7:$I7,$D$3))))
A8: 4 | B8: طبيب | C8: استشاري قلب أطفال | D8: 2 | E8: 2 | F8: 2 | G8: 4 | H8: 4 | I8: 4 | J8: =IF(RMODE="تقريب لأعلى",ROUNDUP(O8,0),ROUND(O8,0)) | L8: =K8-J8 | M8: =IF(J8=0,"",K8/J8) | N8: =IF(J8=0,"لا ينطبق",IF(K8>=J8,"مكتمل",IF(K8=0,"لا يوجد","عجز"))) | O8: =IF(CAP<=$D$4,D8*CAP/$D$4,IF(CAP>=$I$4,I8*CAP/$I$4,INDEX($D8:$I8,$D$3)+$E$3*(INDEX($D8:$I8,$D$3+1)-INDEX($D8:$I8,$D$3))))
A9: 5 | B9: طبيب | C9: أخصائي قلب أطفال | D9: 2 | E9: 2 | F9: 2 | G9: 3 | H9: 3 | I9: 3 | J9: =IF(RMODE="تقريب لأعلى",ROUNDUP(O9,0),ROUND(O9,0)) | L9: =K9-J9 | M9: =IF(J9=0,"",K9/J9) | N9: =IF(J9=0,"لا ينطبق",IF(K9>=J9,"مكتمل",IF(K9=0,"لا يوجد","عجز"))) | O9: =IF(CAP<=$D$4,D9*CAP/$D$4,IF(CAP>=$I$4,I9*CAP/$I$4,INDEX($D9:$I9,$D$3)+$E$3*(INDEX($D9:$I9,$D$3+1)-INDEX($D9:$I9,$D$3))))
A10: 6 | B10: طبيب | C10: مقيم قلب أطفال | D10: 3 | E10: 3 | F10: 3 | G10: 4 | H10: 4 | I10: 4 | J10: =IF(RMODE="تقريب لأعلى",ROUNDUP(O10,0),ROUND(O10,0)) | L10: =K10-J10 | M10: =IF(J10=0,"",K10/J10) | N10: =IF(J10=0,"لا ينطبق",IF(K10>=J10,"مكتمل",IF(K10=0,"لا يوجد","عجز"))) | O10: =IF(CAP<=$D$4,D10*CAP/$D$4,IF(CAP>=$I$4,I10*CAP/$I$4,INDEX($D10:$I10,$D$3)+$E$3*(INDEX($D10:$I10,$D$3+1)-INDEX($D10:$I10,$D$3))))
A11: 7 | B11: طبيب | C11: استشاري أعصاب أطفال | D11: 1 | E11: 1 | F11: 1 | G11: 4 | H11: 4 | I11: 4 | J11: =IF(RMODE="تقريب لأعلى",ROUNDUP(O11,0),ROUND(O11,0)) | L11: =K11-J11 | M11: =IF(J11=0,"",K11/J11) | N11: =IF(J11=0,"لا ينطبق",IF(K11>=J11,"مكتمل",IF(K11=0,"لا يوجد","عجز"))) | O11: =IF(CAP<=$D$4,D11*CAP/$D$4,IF(CAP>=$I$4,I11*CAP/$I$4,INDEX($D11:$I11,$D$3)+$E$3*(INDEX($D11:$I11,$D$3+1)-INDEX($D11:$I11,$D$3))))
A12: 8 | B12: طبيب | C12: أخصائي أعصاب أطفال | D12: 2 | E12: 2 | F12: 2 | G12: 3 | H12: 3 | I12: 3 | J12: =IF(RMODE="تقريب لأعلى",ROUNDUP(O12,0),ROUND(O12,0)) | L12: =K12-J12 | M12: =IF(J12=0,"",K12/J12) | N12: =IF(J12=0,"لا ينطبق",IF(K12>=J12,"مكتمل",IF(K12=0,"لا يوجد","عجز"))) | O12: =IF(CAP<=$D$4,D12*CAP/$D$4,IF(CAP>=$I$4,I12*CAP/$I$4,INDEX($D12:$I12,$D$3)+$E$3*(INDEX($D12:$I12,$D$3+1)-INDEX($D12:$I12,$D$3))))
A13: 9 | B13: طبيب | C13: استشاري كلى أطفال | D13: 2 | E13: 2 | F13: 2 | G13: 4 | H13: 4 | I13: 4 | J13: =IF(RMODE="تقريب لأعلى",ROUNDUP(O13,0),ROUND(O13,0)) | L13: =K13-J13 | M13: =IF(J13=0,"",K13/J13) | N13: =IF(J13=0,"لا ينطبق",IF(K13>=J13,"مكتمل",IF(K13=0,"لا يوجد","عجز"))) | O13: =IF(CAP<=$D$4,D13*CAP/$D$4,IF(CAP>=$I$4,I13*CAP/$I$4,INDEX($D13:$I13,$D$3)+$E$3*(INDEX($D13:$I13,$D$3+1)-INDEX($D13:$I13,$D$3))))
A14: 10 | B14: طبيب | C14: أخصائي كلى أطفال | D14: 2 | E14: 2 | F14: 2 | G14: 3 | H14: 3 | I14: 3 | J14: =IF(RMODE="تقريب لأعلى",ROUNDUP(O14,0),ROUND(O14,0)) | L14: =K14-J14 | M14: =IF(J14=0,"",K14/J14) | N14: =IF(J14=0,"لا ينطبق",IF(K14>=J14,"مكتمل",IF(K14=0,"لا يوجد","عجز"))) | O14: =IF(CAP<=$D$4,D14*CAP/$D$4,IF(CAP>=$I$4,I14*CAP/$I$4,INDEX($D14:$I14,$D$3)+$E$3*(INDEX($D14:$I14,$D$3+1)-INDEX($D14:$I14,$D$3))))
A15: 11 | B15: طبيب | C15: مقيم كلى أطفال | D15: 3 | E15: 3 | F15: 3 | G15: 6 | H15: 6 | I15: 6 | J15: =IF(RMODE="تقريب لأعلى",ROUNDUP(O15,0),ROUND(O15,0)) | L15: =K15-J15 | M15: =IF(J15=0,"",K15/J15) | N15: =IF(J15=0,"لا ينطبق",IF(K15>=J15,"مكتمل",IF(K15=0,"لا يوجد","عجز"))) | O15: =IF(CAP<=$D$4,D15*CAP/$D$4,IF(CAP>=$I$4,I15*CAP/$I$4,INDEX($D15:$I15,$D$3)+$E$3*(INDEX($D15:$I15,$D$3+1)-INDEX($D15:$I15,$D$3))))
A16: 12 | B16: طبيب | C16: استشاري غدد وسكري أطفال | D16: 2 | E16: 2 | F16: 2 | G16: 4 | H16: 4 | I16: 6 | J16: =IF(RMODE="تقريب لأعلى",ROUNDUP(O16,0),ROUND(O16,0)) | L16: =K16-J16 | M16: =IF(J16=0,"",K16/J16) | N16: =IF(J16=0,"لا ينطبق",IF(K16>=J16,"مكتمل",IF(K16=0,"لا يوجد","عجز"))) | O16: =IF(CAP<=$D$4,D16*CAP/$D$4,IF(CAP>=$I$4,I16*CAP/$I$4,INDEX($D16:$I16,$D$3)+$E$3*(INDEX($D16:$I16,$D$3+1)-INDEX($D16:$I16,$D$3))))
... A42: 38 | B42: طبيب | C42: أخصائي جلدية | D42: 1 | E42: 1 | F42: 2 | G42: 3 | H42: 4 | I42: 5 | J42: =IF(RMODE="تقريب لأعلى",ROUNDUP(O42,0),ROUND(O42,0)) | L42: =K42-J42 | M42: =IF(J42=0,"",K42/J42) | N42: =IF(J42=0,"لا ينطبق",IF(K42>=J42,"مكتمل",IF(K42=0,"لا يوجد","عجز"))) | O42: =IF(CAP<=$D$4,D42*CAP/$D$4,IF(CAP>=$I$4,I42*CAP/$I$4,INDEX($D42:$I42,$D$3)+$E$3*(INDEX($D42:$I42,$D$3+1)-INDEX($D42:$I42,$D$3))))
A43: 39 | B43: طبيب | C43: استشاري عناية مركزة كبار | D43: 2 | E43: 3 | F43: 3 | G43: 5 | H43: 7 | I43: 10 | J43: =IF(RMODE="تقريب لأعلى",ROUNDUP(O43,0),ROUND(O43,0)) | L43: =K43-J43 | M43: =IF(J43=0,"",K43/J43) | N43: =IF(J43=0,"لا ينطبق",IF(K43>=J43,"مكتمل",IF(K43=0,"لا يوجد","عجز"))) | O43: =IF(CAP<=$D$4,D43*CAP/$D$4,IF(CAP>=$I$4,I43*CAP/$I$4,INDEX($D43:$I43,$D$3)+$E$3*(INDEX($D43:$I43,$D$3+1)-INDEX($D43:$I43,$D$3)))) | P43: إيضاح 14: أسرة العناية 20% من السعة (7% أطفال + 13% حديثي ولادة)
A44: 40 | B44: طبيب | C44: أخصائي عناية مركزة كبار | D44: 5 | E44: 8 | F44: 8 | G44: 10 | H44: 15 | I44: 20 | J44: =IF(RMODE="تقريب لأعلى",ROUNDUP(O44,0),ROUND(O44,0)) | L44: =K44-J44 | M44: =IF(J44=0,"",K44/J44) | N44: =IF(J44=0,"لا ينطبق",IF(K44>=J44,"مكتمل",IF(K44=0,"لا يوجد","عجز"))) | O44: =IF(CAP<=$D$4,D44*CAP/$D$4,IF(CAP>=$I$4,I44*CAP/$I$4,INDEX($D44:$I44,$D$3)+$E$3*(INDEX($D44:$I44,$D$3+1)-INDEX($D44:$I44,$D$3)))) | P44: إيضاح 14
A45: 41 | B45: طبيب | C45: مقيم عناية مركزة كبار | D45: 0 | E45: 2 | F45: 2 | G45: 3 | H45: 4 | I45: 5 | J45: =IF(RMODE="تقريب لأعلى",ROUNDUP(O45,0),ROUND(O45,0)) | L45: =K45-J45 | M45: =IF(J45=0,"",K45/J45) | N45: =IF(J45=0,"لا ينطبق",IF(K45>=J45,"مكتمل",IF(K45=0,"لا يوجد","عجز"))) | O45: =IF(CAP<=$D$4,D45*CAP/$D$4,IF(CAP>=$I$4,I45*CAP/$I$4,INDEX($D45:$I45,$D$3)+$E$3*(INDEX($D45:$I45,$D$3+1)-INDEX($D45:$I45,$D$3)))) | P45: إيضاح 14
A46: 42 | B46: طبيب | C46: استشاري جراحة عامة | D46: 3 | E46: 3 | F46: 3 | G46: 4 | H46: 4 | I46: 5 | J46: =IF(RMODE="تقريب لأعلى",ROUNDUP(O46,0),ROUND(O46,0)) | L46: =K46-J46 | M46: =IF(J46=0,"",K46/J46) | N46: =IF(J46=0,"لا ينطبق",IF(K46>=J46,"مكتمل",IF(K46=0,"لا يوجد","عجز"))) | O46: =IF(CAP<=$D$4,D46*CAP/$D$4,IF(CAP>=$I$4,I46*CAP/$I$4,INDEX($D46:$I46,$D$3)+$E$3*(INDEX($D46:$I46,$D$3+1)-INDEX($D46:$I46,$D$3))))
A47: 43 | B47: طبيب | C47: أخصائي جراحة عامة | D47: 3 | E47: 5 | F47: 5 | G47: 6 | H47: 6 | I47: 10 | J47: =IF(RMODE="تقريب لأعلى",ROUNDUP(O47,0),ROUND(O47,0)) | L47: =K47-J47 | M47: =IF(J47=0,"",K47/J47) | N47: =IF(J47=0,"لا ينطبق",IF(K47>=J47,"مكتمل",IF(K47=0,"لا يوجد","عجز"))) | O47: =IF(CAP<=$D$4,D47*CAP/$D$4,IF(CAP>=$I$4,I47*CAP/$I$4,INDEX($D47:$I47,$D$3)+$E$3*(INDEX($D47:$I47,$D$3+1)-INDEX($D47:$I47,$D$3))))
A48: 44 | B48: طبيب | C48: مقيم جراحة عامة | D48: 6 | E48: 8 | F48: 8 | G48: 11 | H48: 13 | I48: 15 | J48: =IF(RMODE="تقريب لأعلى",ROUNDUP(O48,0),ROUND(O48,0)) | L48: =K48-J48 | M48: =IF(J48=0,"",K48/J48) | N48: =IF(J48=0,"لا ينطبق",IF(K48>=J48,"مكتمل",IF(K48=0,"لا يوجد","عجز"))) | O48: =IF(CAP<=$D$4,D48*CAP/$D$4,IF(CAP>=$I$4,I48*CAP/$I$4,INDEX($D48:$I48,$D$3)+$E$3*(INDEX($D48:$I48,$D$3+1)-INDEX($D48:$I48,$D$3))))
A49: 45 | B49: طبيب | C49: استشاري نساء وولادة | D49: 7 | E49: 8 | F49: 10 | G49: 12 | H49: 14 | I49: 16 | J49: =IF(RMODE="تقريب لأعلى",ROUNDUP(O49,0),ROUND(O49,0)) | L49: =K49-J49 | M49: =IF(J49=0,"",K49/J49) | N49: =IF(J49=0,"لا ينطبق",IF(K49>=J49,"مكتمل",IF(K49=0,"لا يوجد","عجز"))) | O49: =IF(CAP<=$D$4,D49*CAP/$D$4,IF(CAP>=$I$4,I49*CAP/$I$4,INDEX($D49:$I49,$D$3)+$E$3*(INDEX($D49:$I49,$D$3+1)-INDEX($D49:$I49,$D$3))))
A50: 46 | B50: طبيب | C50: أخصائي نساء وولادة | D50: 20 | E50: 22 | F50: 28 | G50: 30 | H50: 33 | I50: 35 | J50: =IF(RMODE="تقريب لأعلى",ROUNDUP(O50,0),ROUND(O50,0)) | L50: =K50-J50 | M50: =IF(J50=0,"",K50/J50) | N50: =IF(J50=0,"لا ينطبق",IF(K50>=J50,"مكتمل",IF(K50=0,"لا يوجد","عجز"))) | O50: =IF(CAP<=$D$4,D50*CAP/$D$4,IF(CAP>=$I$4,I50*CAP/$I$4,INDEX($D50:$I50,$D$3)+$E$3*(INDEX($D50:$I50,$D$3+1)-INDEX($D50:$I50,$D$3))))
A51: 47 | B51: طبيب | C51: مقيم نساء وولادة | D51: 15 | E51: 20 | F51: 25 | G51: 28 | H51: 30 | I51: 35 | J51: =IF(RMODE="تقريب لأعلى",ROUNDUP(O51,0),ROUND(O51,0)) | L51: =K51-J51 | M51: =IF(J51=0,"",K51/J51) | N51: =IF(J51=0,"لا ينطبق",IF(K51>=J51,"مكتمل",IF(K51=0,"لا يوجد","عجز"))) | O51: =IF(CAP<=$D$4,D51*CAP/$D$4,IF(CAP>=$I$4,I51*CAP/$I$4,INDEX($D51:$I51,$D$3)+$E$3*(INDEX($D51:$I51,$D$3+1)-INDEX($D51:$I51,$D$3))))
A52: 48 | B52: طبيب | C52: استشاري أمراض نساء مسالك | D52: 2 | E52: 2 | F52: 2 | G52: 2 | H52: 3 | I52: 3 | J52: =IF(RMODE="تقريب لأعلى",ROUNDUP(O52,0),ROUND(O52,0)) | L52: =K52-J52 | M52: =IF(J52=0,"",K52/J52) | N52: =IF(J52=0,"لا ينطبق",IF(K52>=J52,"مكتمل",IF(K52=0,"لا يوجد","عجز"))) | O52: =IF(CAP<=$D$4,D52*CAP/$D$4,IF(CAP>=$I$4,I52*CAP/$I$4,INDEX($D52:$I52,$D$3)+$E$3*(INDEX($D52:$I52,$D$3+1)-INDEX($D52:$I52,$D$3))))
A53: 49 | B53: طبيب | C53: أخصائي أمراض نساء مسالك | D53: 0 | E53: 0 | F53: 0 | G53: 0 | H53: 2 | I53: 3 | J53: =IF(RMODE="تقريب لأعلى",ROUNDUP(O53,0),ROUND(O53,0)) | L53: =K53-J53 | M53: =IF(J53=0,"",K53/J53) | N53: =IF(J53=0,"لا ينطبق",IF(K53>=J53,"مكتمل",IF(K53=0,"لا يوجد","عجز"))) | O53: =IF(CAP<=$D$4,D53*CAP/$D$4,IF(CAP>=$I$4,I53*CAP/$I$4,INDEX($D53:$I53,$D$3)+$E$3*(INDEX($D53:$I53,$D$3+1)-INDEX($D53:$I53,$D$3))))
A54: 50 | B54: طبيب | C54: استشاري أمراض نساء أورام | D54: 1 | E54: 1 | F54: 1 | G54: 2 | H54: 2 | I54: 3 | J54: =IF(RMODE="تقريب لأعلى",ROUNDUP(O54,0),ROUND(O54,0)) | L54: =K54-J54 | M54: =IF(J54=0,"",K54/J54) | N54: =IF(J54=0,"لا ينطبق",IF(K54>=J54,"مكتمل",IF(K54=0,"لا يوجد","عجز"))) | O54: =IF(CAP<=$D$4,D54*CAP/$D$4,IF(CAP>=$I$4,I54*CAP/$I$4,INDEX($D54:$I54,$D$3)+$E$3*(INDEX($D54:$I54,$D$3+1)-INDEX($D54:$I54,$D$3))))
A55: 51 | B55: طبيب | C55: أخصائي أمراض نساء أورام | D55: 0 | E55: 0 | F55: 0 | G55: 0 | H55: 2 | I55: 3 | J55: =IF(RMODE="تقريب لأعلى",ROUNDUP(O55,0),ROUND(O55,0)) | L55: =K55-J55 | M55: =IF(J55=0,"",K55/J55) | N55: =IF(J55=0,"لا ينطبق",IF(K55>=J55,"مكتمل",IF(K55=0,"لا يوجد","عجز"))) | O55: =IF(CAP<=$D$4,D55*CAP/$D$4,IF(CAP>=$I$4,I55*CAP/$I$4,INDEX($D55:$I55,$D$3)+$E$3*(INDEX($D55:$I55,$D$3+1)-INDEX($D55:$I55,$D$3))))
A56: 52 | B56: طبيب | C56: استشاري عيون | D56: 1 | E56: 1 | F56: 2 | G56: 4 | H56: 5 | I56: 5 | J56: =IF(RMODE="تقريب لأعلى",ROUNDUP(O56,0),ROUND(O56,0)) | L56: =K56-J56 | M56: =IF(J56=0,"",K56/J56) | N56: =IF(J56=0,"لا ينطبق",IF(K56>=J56,"مكتمل",IF(K56=0,"لا يوجد","عجز"))) | O56: =IF(CAP<=$D$4,D56*CAP/$D$4,IF(CAP>=$I$4,I56*CAP/$I$4,INDEX($D56:$I56,$D$3)+$E$3*(INDEX($D56:$I56,$D$3+1)-INDEX($D56:$I56,$D$3))))
A57: 53 | B57: طبيب | C57: أخصائي عيون | D57: 1 | E57: 2 | F57: 3 | G57: 3 | H57: 4 | I57: 4 | J57: =IF(RMODE="تقريب لأعلى",ROUNDUP(O57,0),ROUND(O57,0)) | L57: =K57-J57 | M57: =IF(J57=0,"",K57/J57) | N57: =IF(J57=0,"لا ينطبق",IF(K57>=J57,"مكتمل",IF(K57=0,"لا يوجد","عجز"))) | O57: =IF(CAP<=$D$4,D57*CAP/$D$4,IF(CAP>=$I$4,I57*CAP/$I$4,INDEX($D57:$I57,$D$3)+$E$3*(INDEX($D57:$I57,$D$3+1)-INDEX($D57:$I57,$D$3))))
... A71: 67 | B71: طبيب | C71: مقيم أطفال | D71: 10 | E71: 12 | F71: 15 | G71: 20 | H71: 25 | I71: 30 | J71: =IF(RMODE="تقريب لأعلى",ROUNDUP(O71,0),ROUND(O71,0)) | L71: =K71-J71 | M71: =IF(J71=0,"",K71/J71) | N71: =IF(J71=0,"لا ينطبق",IF(K71>=J71,"مكتمل",IF(K71=0,"لا يوجد","عجز"))) | O71: =IF(CAP<=$D$4,D71*CAP/$D$4,IF(CAP>=$I$4,I71*CAP/$I$4,INDEX($D71:$I71,$D$3)+$E$3*(INDEX($D71:$I71,$D$3+1)-INDEX($D71:$I71,$D$3))))
A72: 68 | B72: طبيب | C72: استشاري عناية مركزة حديثي الولادة | D72: 3 | E72: 3 | F72: 4 | G72: 5 | H72: 7 | I72: 10 | J72: =IF(RMODE="تقريب لأعلى",ROUNDUP(O72,0),ROUND(O72,0)) | L72: =K72-J72 | M72: =IF(J72=0,"",K72/J72) | N72: =IF(J72=0,"لا ينطبق",IF(K72>=J72,"مكتمل",IF(K72=0,"لا يوجد","عجز"))) | O72: =IF(CAP<=$D$4,D72*CAP/$D$4,IF(CAP>=$I$4,I72*CAP/$I$4,INDEX($D72:$I72,$D$3)+$E$3*(INDEX($D72:$I72,$D$3+1)-INDEX($D72:$I72,$D$3)))) | P72: إيضاح 14
A73: 69 | B73: طبيب | C73: أخصائي عناية مركزة حديثي الولادة | D73: 5 | E73: 6 | F73: 8 | G73: 10 | H73: 15 | I73: 20 | J73: =IF(RMODE="تقريب لأعلى",ROUNDUP(O73,0),ROUND(O73,0)) | L73: =K73-J73 | M73: =IF(J73=0,"",K73/J73) | N73: =IF(J73=0,"لا ينطبق",IF(K73>=J73,"مكتمل",IF(K73=0,"لا يوجد","عجز"))) | O73: =IF(CAP<=$D$4,D73*CAP/$D$4,IF(CAP>=$I$4,I73*CAP/$I$4,INDEX($D73:$I73,$D$3)+$E$3*(INDEX($D73:$I73,$D$3+1)-INDEX($D73:$I73,$D$3)))) | P73: إيضاح 14
A74: 70 | B74: طبيب | C74: مقيم عناية مركزة حديثي الولادة | D74: 2 | E74: 2 | F74: 2 | G74: 4 | H74: 4 | I74: 5 | J74: =IF(RMODE="تقريب لأعلى",ROUNDUP(O74,0),ROUND(O74,0)) | L74: =K74-J74 | M74: =IF(J74=0,"",K74/J74) | N74: =IF(J74=0,"لا ينطبق",IF(K74>=J74,"مكتمل",IF(K74=0,"لا يوجد","عجز"))) | O74: =IF(CAP<=$D$4,D74*CAP/$D$4,IF(CAP>=$I$4,I74*CAP/$I$4,INDEX($D74:$I74,$D$3)+$E$3*(INDEX($D74:$I74,$D$3+1)-INDEX($D74:$I74,$D$3)))) | P74: إيضاح 14
A75: 71 | B75: طبيب | C75: استشاري عناية مركزة أطفال | D75: 2 | E75: 3 | F75: 4 | G75: 5 | H75: 6 | I75: 7 | J75: =IF(RMODE="تقريب لأعلى",ROUNDUP(O75,0),ROUND(O75,0)) | L75: =K75-J75 | M75: =IF(J75=0,"",K75/J75) | N75: =IF(J75=0,"لا ينطبق",IF(K75>=J75,"مكتمل",IF(K75=0,"لا يوجد","عجز"))) | O75: =IF(CAP<=$D$4,D75*CAP/$D$4,IF(CAP>=$I$4,I75*CAP/$I$4,INDEX($D75:$I75,$D$3)+$E$3*(INDEX($D75:$I75,$D$3+1)-INDEX($D75:$I75,$D$3)))) | P75: إيضاح 14
A76: 72 | B76: طبيب | C76: أخصائي عناية مركزة أطفال | D76: 4 | E76: 6 | F76: 8 | G76: 10 | H76: 12 | I76: 14 | J76: =IF(RMODE="تقريب لأعلى",ROUNDUP(O76,0),ROUND(O76,0)) | L76: =K76-J76 | M76: =IF(J76=0,"",K76/J76) | N76: =IF(J76=0,"لا ينطبق",IF(K76>=J76,"مكتمل",IF(K76=0,"لا يوجد","عجز"))) | O76: =IF(CAP<=$D$4,D76*CAP/$D$4,IF(CAP>=$I$4,I76*CAP/$I$4,INDEX($D76:$I76,$D$3)+$E$3*(INDEX($D76:$I76,$D$3+1)-INDEX($D76:$I76,$D$3)))) | P76: إيضاح 14
A77: 73 | B77: طبيب | C77: مقيم عناية مركزة أطفال | D77: 2 | E77: 2 | F77: 2 | G77: 3 | H77: 4 | I77: 5 | J77: =IF(RMODE="تقريب لأعلى",ROUNDUP(O77,0),ROUND(O77,0)) | L77: =K77-J77 | M77: =IF(J77=0,"",K77/J77) | N77: =IF(J77=0,"لا ينطبق",IF(K77>=J77,"مكتمل",IF(K77=0,"لا يوجد","عجز"))) | O77: =IF(CAP<=$D$4,D77*CAP/$D$4,IF(CAP>=$I$4,I77*CAP/$I$4,INDEX($D77:$I77,$D$3)+$E$3*(INDEX($D77:$I77,$D$3+1)-INDEX($D77:$I77,$D$3)))) | P77: إيضاح 14
A78: 74 | B78: طبيب | C78: استشاري تخدير | D78: 2 | E78: 3 | F78: 5 | G78: 6 | H78: 8 | I78: 12 | J78: =IF(RMODE="تقريب لأعلى",ROUNDUP(O78,0),ROUND(O78,0)) | L78: =K78-J78 | M78: =IF(J78=0,"",K78/J78) | N78: =IF(J78=0,"لا ينطبق",IF(K78>=J78,"مكتمل",IF(K78=0,"لا يوجد","عجز"))) | O78: =IF(CAP<=$D$4,D78*CAP/$D$4,IF(CAP>=$I$4,I78*CAP/$I$4,INDEX($D78:$I78,$D$3)+$E$3*(INDEX($D78:$I78,$D$3+1)-INDEX($D78:$I78,$D$3))))
A79: 75 | B79: طبيب | C79: أخصائي تخدير | D79: 3 | E79: 4 | F79: 6 | G79: 10 | H79: 14 | I79: 16 | J79: =IF(RMODE="تقريب لأعلى",ROUNDUP(O79,0),ROUND(O79,0)) | L79: =K79-J79 | M79: =IF(J79=0,"",K79/J79) | N79: =IF(J79=0,"لا ينطبق",IF(K79>=J79,"مكتمل",IF(K79=0,"لا يوجد","عجز"))) | O79: =IF(CAP<=$D$4,D79*CAP/$D$4,IF(CAP>=$I$4,I79*CAP/$I$4,INDEX($D79:$I79,$D$3)+$E$3*(INDEX($D79:$I79,$D$3+1)-INDEX($D79:$I79,$D$3))))
A80: 76 | B80: طبيب | C80: مقيم تخدير | D80: 0 | E80: 3 | F80: 3 | G80: 4 | H80: 5 | I80: 7 | J80: =IF(RMODE="تقريب لأعلى",ROUNDUP(O80,0),ROUND(O80,0)) | L80: =K80-J80 | M80: =IF(J80=0,"",K80/J80) | N80: =IF(J80=0,"لا ينطبق",IF(K80>=J80,"مكتمل",IF(K80=0,"لا يوجد","عجز"))) | O80: =IF(CAP<=$D$4,D80*CAP/$D$4,IF(CAP>=$I$4,I80*CAP/$I$4,INDEX($D80:$I80,$D$3)+$E$3*(INDEX($D80:$I80,$D$3+1)-INDEX($D80:$I80,$D$3))))
A81: 77 | B81: طبيب | C81: استشاري إسعاف وطوارئ أطفال | D81: 0 | E81: 6 | F81: 7 | G81: 8 | H81: 9 | I81: 9 | J81: =IF(RMODE="تقريب لأعلى",ROUNDUP(O81,0),ROUND(O81,0)) | L81: =K81-J81 | M81: =IF(J81=0,"",K81/J81) | N81: =IF(J81=0,"لا ينطبق",IF(K81>=J81,"مكتمل",IF(K81=0,"لا يوجد","عجز"))) | O81: =IF(CAP<=$D$4,D81*CAP/$D$4,IF(CAP>=$I$4,I81*CAP/$I$4,INDEX($D81:$I81,$D$3)+$E$3*(INDEX($D81:$I81,$D$3+1)-INDEX($D81:$I81,$D$3)))) | P81: إيضاحات 15-18
A82: 78 | B82: طبيب | C82: أخصائي إسعاف وطوارئ أطفال | D82: 5 | E82: 6 | F82: 6 | G82: 7 | H82: 8 | I82: 8 | J82: =IF(RMODE="تقريب لأعلى",ROUNDUP(O82,0),ROUND(O82,0)) | L82: =K82-J82 | M82: =IF(J82=0,"",K82/J82) | N82: =IF(J82=0,"لا ينطبق",IF(K82>=J82,"مكتمل",IF(K82=0,"لا يوجد","عجز"))) | O82: =IF(CAP<=$D$4,D82*CAP/$D$4,IF(CAP>=$I$4,I82*CAP/$I$4,INDEX($D82:$I82,$D$3)+$E$3*(INDEX($D82:$I82,$D$3+1)-INDEX($D82:$I82,$D$3)))) | P82: إيضاحات 15-18
A83: 79 | B83: طبيب | C83: مقيم إسعاف وطوارئ أطفال | D83: 7 | E83: 10 | F83: 12 | G83: 12 | H83: 12 | I83: 16 | J83: =IF(RMODE="تقريب لأعلى",ROUNDUP(O83,0),ROUND(O83,0)) | L83: =K83-J83 | M83: =IF(J83=0,"",K83/J83) | N83: =IF(J83=0,"لا ينطبق",IF(K83>=J83,"مكتمل",IF(K83=0,"لا يوجد","عجز"))) | O83: =IF(CAP<=$D$4,D83*CAP/$D$4,IF(CAP>=$I$4,I83*CAP/$I$4,INDEX($D83:$I83,$D$3)+$E$3*(INDEX($D83:$I83,$D$3+1)-INDEX($D83:$I83,$D$3)))) | P83: إيضاحات 15-18
A84: 80 | B84: طبيب | C84: استشاري أشعة | D84: 1 | E84: 2 | F84: 2 | G84: 3 | H84: 13 | I84: 13 | J84: =IF(RMODE="تقريب لأعلى",ROUNDUP(O84,0),ROUND(O84,0)) | L84: =K84-J84 | M84: =IF(J84=0,"",K84/J84) | N84: =IF(J84=0,"لا ينطبق",IF(K84>=J84,"مكتمل",IF(K84=0,"لا يوجد","عجز"))) | O84: =IF(CAP<=$D$4,D84*CAP/$D$4,IF(CAP>=$I$4,I84*CAP/$I$4,INDEX($D84:$I84,$D$3)+$E$3*(INDEX($D84:$I84,$D$3+1)-INDEX($D84:$I84,$D$3))))
A85: 81 | B85: طبيب | C85: أخصائي أشعة | D85: 2 | E85: 4 | F85: 4 | G85: 6 | H85: 24 | I85: 24 | J85: =IF(RMODE="تقريب لأعلى",ROUNDUP(O85,0),ROUND(O85,0)) | L85: =K85-J85 | M85: =IF(J85=0,"",K85/J85) | N85: =IF(J85=0,"لا ينطبق",IF(K85>=J85,"مكتمل",IF(K85=0,"لا يوجد","عجز"))) | O85: =IF(CAP<=$D$4,D85*CAP/$D$4,IF(CAP>=$I$4,I85*CAP/$I$4,INDEX($D85:$I85,$D$3)+$E$3*(INDEX($D85:$I85,$D$3+1)-INDEX($D85:$I85,$D$3))))
A86: 82 | B86: طبيب | C86: مقيم أشعة | D86: 2 | E86: 4 | F86: 4 | G86: 6 | H86: 16 | I86: 16 | J86: =IF(RMODE="تقريب لأعلى",ROUNDUP(O86,0),ROUND(O86,0)) | L86: =K86-J86 | M86: =IF(J86=0,"",K86/J86) | N86: =IF(J86=0,"لا ينطبق",IF(K86>=J86,"مكتمل",IF(K86=0,"لا يوجد","عجز"))) | O86: =IF(CAP<=$D$4,D86*CAP/$D$4,IF(CAP>=$I$4,I86*CAP/$I$4,INDEX($D86:$I86,$D$3)+$E$3*(INDEX($D86:$I86,$D$3+1)-INDEX($D86:$I86,$D$3))))
A87: 83 | B87: طبيب | C87: استشاري مكافحة عدوى | D87: 0 | E87: 0 | F87: 1 | G87: 1 | H87: 1 | I87: 2 | J87: =IF(RMODE="تقريب لأعلى",ROUNDUP(O87,0),ROUND(O87,0)) | L87: =K87-J87 | M87: =IF(J87=0,"",K87/J87) | N87: =IF(J87=0,"لا ينطبق",IF(K87>=J87,"مكتمل",IF(K87=0,"لا يوجد","عجز"))) | O87: =IF(CAP<=$D$4,D87*CAP/$D$4,IF(CAP>=$I$4,I87*CAP/$I$4,INDEX($D87:$I87,$D$3)+$E$3*(INDEX($D87:$I87,$D$3+1)-INDEX($D87:$I87,$D$3)))) | P87: إيضاح 7
A88: 84 | B88: طبيب | C88: أخصائي مكافحة عدوى | D88: 1 | E88: 1 | F88: 1 | G88: 1 | H88: 1 | I88: 1 | J88: =IF(RMODE="تقريب لأعلى",ROUNDUP(O88,0),ROUND(O88,0)) | L88: =K88-J88 | M88: =IF(J88=0,"",K88/J88) | N88: =IF(J88=0,"لا ينطبق",IF(K88>=J88,"مكتمل",IF(K88=0,"لا يوجد","عجز"))) | O88: =IF(CAP<=$D$4,D88*CAP/$D$4,IF(CAP>=$I$4,I88*CAP/$I$4,INDEX($D88:$I88,$D$3)+$E$3*(INDEX($D88:$I88,$D$3+1)-INDEX($D88:$I88,$D$3)))) | P88: إيضاح 7
A89: 85 | B89: طبيب | C89: استشاري جودة | D89: 0 | E89: 0 | F89: 1 | G89: 1 | H89: 1 | I89: 2 | J89: =IF(RMODE="تقريب لأعلى",ROUNDUP(O89,0),ROUND(O89,0)) | L89: =K89-J89 | M89: =IF(J89=0,"",K89/J89) | N89: =IF(J89=0,"لا ينطبق",IF(K89>=J89,"مكتمل",IF(K89=0,"لا يوجد","عجز"))) | O89: =IF(CAP<=$D$4,D89*CAP/$D$4,IF(CAP>=$I$4,I89*CAP/$I$4,INDEX($D89:$I89,$D$3)+$E$3*(INDEX($D89:$I89,$D$3+1)-INDEX($D89:$I89,$D$3)))) | P89: إيضاح 7
A90: 86 | B90: طبيب | C90: أخصائي جودة | D90: 1 | E90: 1 | F90: 1 | G90: 1 | H90: 1 | I90: 1 | J90: =IF(RMODE="تقريب لأعلى",ROUNDUP(O90,0),ROUND(O90,0)) | L90: =K90-J90 | M90: =IF(J90=0,"",K90/J90) | N90: =IF(J90=0,"لا ينطبق",IF(K90>=J90,"مكتمل",IF(K90=0,"لا يوجد","عجز"))) | O90: =IF(CAP<=$D$4,D90*CAP/$D$4,IF(CAP>=$I$4,I90*CAP/$I$4,INDEX($D90:$I90,$D$3)+$E$3*(INDEX($D90:$I90,$D$3+1)-INDEX($D90:$I90,$D$3)))) | P90: إيضاح 7
A91: 87 | B91: طبيب | C91: استشاري باثولوجيا إكلينيكية | D91: 1 | E91: 1 | F91: 1 | G91: 1 | H91: 1 | I91: 1 | J91: =IF(RMODE="تقريب لأعلى",ROUNDUP(O91,0),ROUND(O91,0)) | L91: =K91-J91 | M91: =IF(J91=0,"",K91/J91) | N91: =IF(J91=0,"لا ينطبق",IF(K91>=J91,"مكتمل",IF(K91=0,"لا يوجد","عجز"))) | O91: =IF(CAP<=$D$4,D91*CAP/$D$4,IF(CAP>=$I$4,I91*CAP/$I$4,INDEX($D91:$I91,$D$3)+$E$3*(INDEX($D91:$I91,$D$3+1)-INDEX($D91:$I91,$D$3)))) | P91: قسم المختبر وبنك الدم
A92: 88 | B92: طبيب | C92: أخصائي باثولوجيا إكلينيكية | D92: 1 | E92: 1 | F92: 1 | G92: 2 | H92: 2 | I92: 3 | J92: =IF(RMODE="تقريب لأعلى",ROUNDUP(O92,0),ROUND(O92,0)) | L92: =K92-J92 | M92: =IF(J92=0,"",K92/J92) | N92: =IF(J92=0,"لا ينطبق",IF(K92>=J92,"مكتمل",IF(K92=0,"لا يوجد","عجز"))) | O92: =IF(CAP<=$D$4,D92*CAP/$D$4,IF(CAP>=$I$4,I92*CAP/$I$4,INDEX($D92:$I92,$D$3)+$E$3*(INDEX($D92:$I92,$D$3+1)-INDEX($D92:$I92,$D$3)))) | P92: قسم المختبر وبنك الدم
A93: 89 | B93: طبيب | C93: استشاري كيمياء حيوية | D93: 0 | E93: 1 | F93: 1 | G93: 1 | H93: 1 | I93: 1 | J93: =IF(RMODE="تقريب لأعلى",ROUNDUP(O93,0),ROUND(O93,0)) | L93: =K93-J93 | M93: =IF(J93=0,"",K93/J93) | N93: =IF(J93=0,"لا ينطبق",IF(K93>=J93,"مكتمل",IF(K93=0,"لا يوجد","عجز"))) | O93: =IF(CAP<=$D$4,D93*CAP/$D$4,IF(CAP>=$I$4,I93*CAP/$I$4,INDEX($D93:$I93,$D$3)+$E$3*(INDEX($D93:$I93,$D$3+1)-INDEX($D93:$I93,$D$3)))) | P93: قسم المختبر وبنك الدم
A94: 90 | B94: طبيب | C94: أخصائي كيمياء حيوية | D94: 1 | E94: 1 | F94: 1 | G94: 1 | H94: 1 | I94: 1 | J94: =IF(RMODE="تقريب لأعلى",ROUNDUP(O94,0),ROUND(O94,0)) | L94: =K94-J94 | M94: =IF(J94=0,"",K94/J94) | N94: =IF(J94=0,"لا ينطبق",IF(K94>=J94,"مكتمل",IF(K94=0,"لا يوجد","عجز"))) | O94: =IF(CAP<=$D$4,D94*CAP/$D$4,IF(CAP>=$I$4,I94*CAP/$I$4,INDEX($D94:$I94,$D$3)+$E$3*(INDEX($D94:$I94,$D$3+1)-INDEX($D94:$I94,$D$3)))) | P94: قسم المختبر وبنك الدم
A95: 91 | B95: طبيب | C95: استشاري أمراض دم | D95: 0 | E95: 0 | F95: 1 | G95: 1 | H95: 1 | I95: 1 | J95: =IF(RMODE="تقريب لأعلى",ROUNDUP(O95,0),ROUND(O95,0)) | L95: =K95-J95 | M95: =IF(J95=0,"",K95/J95) | N95: =IF(J95=0,"لا ينطبق",IF(K95>=J95,"مكتمل",IF(K95=0,"لا يوجد","عجز"))) | O95: =IF(CAP<=$D$4,D95*CAP/$D$4,IF(CAP>=$I$4,I95*CAP/$I$4,INDEX($D95:$I95,$D$3)+$E$3*(INDEX($D95:$I95,$D$3+1)-INDEX($D95:$I95,$D$3)))) | P95: قسم المختبر وبنك الدم
A96: 92 | B96: طبيب | C96: أخصائي أمراض دم | D96: 1 | E96: 1 | F96: 1 | G96: 1 | H96: 1 | I96: 1 | J96: =IF(RMODE="تقريب لأعلى",ROUNDUP(O96,0),ROUND(O96,0)) | L96: =K96-J96 | M96: =IF(J96=0,"",K96/J96) | N96: =IF(J96=0,"لا ينطبق",IF(K96>=J96,"مكتمل",IF(K96=0,"لا يوجد","عجز"))) | O96: =IF(CAP<=$D$4,D96*CAP/$D$4,IF(CAP>=$I$4,I96*CAP/$I$4,INDEX($D96:$I96,$D$3)+$E$3*(INDEX($D96:$I96,$D$3+1)-INDEX($D96:$I96,$D$3)))) | P96: قسم المختبر وبنك الدم
A97: 93 | B97: طبيب | C97: استشاري بنك دم | D97: 0 | E97: 0 | F97: 0 | G97: 1 | H97: 1 | I97: 2 | J97: =IF(RMODE="تقريب لأعلى",ROUNDUP(O97,0),ROUND(O97,0)) | L97: =K97-J97 | M97: =IF(J97=0,"",K97/J97) | N97: =IF(J97=0,"لا ينطبق",IF(K97>=J97,"مكتمل",IF(K97=0,"لا يوجد","عجز"))) | O97: =IF(CAP<=$D$4,D97*CAP/$D$4,IF(CAP>=$I$4,I97*CAP/$I$4,INDEX($D97:$I97,$D$3)+$E$3*(INDEX($D97:$I97,$D$3+1)-INDEX($D97:$I97,$D$3)))) | P97: قسم المختبر وبنك الدم
A98: 94 | B98: طبيب | C98: أخصائي بنك دم | D98: 1 | E98: 1 | F98: 1 | G98: 1 | H98: 1 | I98: 1 | J98: =IF(RMODE="تقريب لأعلى",ROUNDUP(O98,0),ROUND(O98,0)) | L98: =K98-J98 | M98: =IF(J98=0,"",K98/J98) | N98: =IF(J98=0,"لا ينطبق",IF(K98>=J98,"مكتمل",IF(K98=0,"لا يوجد","عجز"))) | O98: =IF(CAP<=$D$4,D98*CAP/$D$4,IF(CAP>=$I$4,I98*CAP/$I$4,INDEX($D98:$I98,$D$3)+$E$3*(INDEX($D98:$I98,$D$3+1)-INDEX($D98:$I98,$D$3)))) | P98: قسم المختبر وبنك الدم
... A108: 104 | B108: طبيب | C108: طبيب مقيم أسنان | D108: 1 | E108: 1 | F108: 1 | G108: 2 | H108: 2 | I108: 2 | J108: =IF(RMODE="تقريب لأعلى",ROUNDUP(O108,0),ROUND(O108,0)) | L108: =K108-J108 | M108: =IF(J108=0,"",K108/J108) | N108: =IF(J108=0,"لا ينطبق",IF(K108>=J108,"مكتمل",IF(K108=0,"لا يوجد","عجز"))) | O108: =IF(CAP<=$D$4,D108*CAP/$D$4,IF(CAP>=$I$4,I108*CAP/$I$4,INDEX($D108:$I108,$D$3)+$E$3*(INDEX($D108:$I108,$D$3+1)-INDEX($D108:$I108,$D$3)))) | P108: قسم الأسنان
C109: المجموع (محسوب من الجدول) | D109: =SUM(D5:D108) | E109: =SUM(E5:E108) | F109: =SUM(F5:F108) | G109: =SUM(G5:G108) | H109: =SUM(H5:H108) | I109: =SUM(I5:I108) | J109: =SUM(J5:J108) | K109: =SUM(K5:K108) | L109: =SUM(L5:L108) | M109: =IF(J109=0,"",K109/J109) | O109: =SUM(O5:O108)
C110: المجموع المنشور في الدليل | D110: 199 | E110: 253 | F110: 299 | G110: 434 | H110: 539 | I110: 653
C111: الفرق (محسوب − منشور) | D111: =D109-D110 | E111: =E109-E110 | F111: =F109-F110 | G111: =G109-G110 | H111: =H109-H110 | I111: =I109-I110

Sheet ولادة - أخصائي غير طبيب
A1: ولادة - أخصائي غير طبيب
A2: الملحق (2) — أخصائي غير طبيب، ويشمل التمريض والقبالة (صفحات 50-52)
C3: معاملا الاستيفاء ◄ | D3: =IFERROR(MATCH(CAP,$D$4:$I$4,1),1) | E3: =IF(OR(CAP<=$D$4,CAP>=$I$4),0,(CAP-INDEX($D$4:$I$4,$D$3))/(INDEX($D$4:$I$4,$D$3+1)-INDEX($D$4:$I$4,$D$3)))
A4: م | B4: الفئة | C4: المسمى الوظيفي | D4: 100 | E4: 150 | F4: 200 | G4: 300 | H4: 400 | I4: 500 | J4: الاحتياج للسعة المدخلة | K4: الموجود فعلياً | L4: الفجوة (+فائض / -عجز) | M4: نسبة التغطية | N4: الحالة | O4: القيمة قبل التقريب | P4: ملاحظات
A5: 1 | B5: أخصائي غير طبيب | C5: أخصائي تقنية قلب أطفال | D5: 0 | E5: 0 | F5: 2 | G5: 3 | H5: 4 | I5: 4 | J5: =IF(RMODE="تقريب لأعلى",ROUNDUP(O5,0),ROUND(O5,0)) | L5: =K5-J5 | M5: =IF(J5=0,"",K5/J5) | N5: =IF(J5=0,"لا ينطبق",IF(K5>=J5,"مكتمل",IF(K5=0,"لا يوجد","عجز"))) | O5: =IF(CAP<=$D$4,D5*CAP/$D$4,IF(CAP>=$I$4,I5*CAP/$I$4,INDEX($D5:$I5,$D$3)+$E$3*(INDEX($D5:$I5,$D$3+1)-INDEX($D5:$I5,$D$3))))
A6: 2 | B6: أخصائي غير طبيب | C6: أخصائي فسيولوجيا عصبي أطفال | D6: 0 | E6: 2 | F6: 2 | G6: 3 | H6: 4 | I6: 4 | J6: =IF(RMODE="تقريب لأعلى",ROUNDUP(O6,0),ROUND(O6,0)) | L6: =K6-J6 | M6: =IF(J6=0,"",K6/J6) | N6: =IF(J6=0,"لا ينطبق",IF(K6>=J6,"مكتمل",IF(K6=0,"لا يوجد","عجز"))) | O6: =IF(CAP<=$D$4,D6*CAP/$D$4,IF(CAP>=$I$4,I6*CAP/$I$4,INDEX($D6:$I6,$D$3)+$E$3*(INDEX($D6:$I6,$D$3+1)-INDEX($D6:$I6,$D$3))))
A7: 3 | B7: أخصائي غير طبيب | C7: أخصائي تقنية كلى أطفال | D7: 2 | E7: 2 | F7: 2 | G7: 3 | H7: 4 | I7: 4 | J7: =IF(RMODE="تقريب لأعلى",ROUNDUP(O7,0),ROUND(O7,0)) | L7: =K7-J7 | M7: =IF(J7=0,"",K7/J7) | N7: =IF(J7=0,"لا ينطبق",IF(K7>=J7,"مكتمل",IF(K7=0,"لا يوجد","عجز"))) | O7: =IF(CAP<=$D$4,D7*CAP/$D$4,IF(CAP>=$I$4,I7*CAP/$I$4,INDEX($D7:$I7,$D$3)+$E$3*(INDEX($D7:$I7,$D$3+1)-INDEX($D7:$I7,$D$3))))
A8: 4 | B8: أخصائي غير طبيب | C8: أخصائي نفسي (غير طبيب) | D8: 2 | E8: 3 | F8: 4 | G8: 4 | H8: 8 | I8: 10 | J8: =IF(RMODE="تقريب لأعلى",ROUNDUP(O8,0),ROUND(O8,0)) | L8: =K8-J8 | M8: =IF(J8=0,"",K8/J8) | N8: =IF(J8=0,"لا ينطبق",IF(K8>=J8,"مكتمل",IF(K8=0,"لا يوجد","عجز"))) | O8: =IF(CAP<=$D$4,D8*CAP/$D$4,IF(CAP>=$I$4,I8*CAP/$I$4,INDEX($D8:$I8,$D$3)+$E$3*(INDEX($D8:$I8,$D$3+1)-INDEX($D8:$I8,$D$3))))
A9: 5 | B9: أخصائي غير طبيب | C9: أخصائي تخدير (غير طبيب) | D9: 5 | E9: 10 | F9: 15 | G9: 20 | H9: 30 | I9: 40 | J9: =IF(RMODE="تقريب لأعلى",ROUNDUP(O9,0),ROUND(O9,0)) | L9: =K9-J9 | M9: =IF(J9=0,"",K9/J9) | N9: =IF(J9=0,"لا ينطبق",IF(K9>=J9,"مكتمل",IF(K9=0,"لا يوجد","عجز"))) | O9: =IF(CAP<=$D$4,D9*CAP/$D$4,IF(CAP>=$I$4,I9*CAP/$I$4,INDEX($D9:$I9,$D$3)+$E$3*(INDEX($D9:$I9,$D$3+1)-INDEX($D9:$I9,$D$3))))
A10: 6 | B10: أخصائي غير طبيب | C10: أخصائي إسعاف وطوارئ أطفال | D10: 6 | E10: 8 | F10: 10 | G10: 12 | H10: 15 | I10: 18 | J10: =IF(RMODE="تقريب لأعلى",ROUNDUP(O10,0),ROUND(O10,0)) | L10: =K10-J10 | M10: =IF(J10=0,"",K10/J10) | N10: =IF(J10=0,"لا ينطبق",IF(K10>=J10,"مكتمل",IF(K10=0,"لا يوجد","عجز"))) | O10: =IF(CAP<=$D$4,D10*CAP/$D$4,IF(CAP>=$I$4,I10*CAP/$I$4,INDEX($D10:$I10,$D$3)+$E$3*(INDEX($D10:$I10,$D$3+1)-INDEX($D10:$I10,$D$3))))
A11: 7 | B11: أخصائي غير طبيب | C11: أخصائي أشعة | D11: 9 | E11: 22 | F11: 42 | G11: 42 | H11: 70 | I11: 108 | J11: =IF(RMODE="تقريب لأعلى",ROUNDUP(O11,0),ROUND(O11,0)) | L11: =K11-J11 | M11: =IF(J11=0,"",K11/J11) | N11: =IF(J11=0,"لا ينطبق",IF(K11>=J11,"مكتمل",IF(K11=0,"لا يوجد","عجز"))) | O11: =IF(CAP<=$D$4,D11*CAP/$D$4,IF(CAP>=$I$4,I11*CAP/$I$4,INDEX($D11:$I11,$D$3)+$E$3*(INDEX($D11:$I11,$D$3+1)-INDEX($D11:$I11,$D$3))))
A12: 8 | B12: أخصائي غير طبيب | C12: أخصائي طب نووي (غير طبيب) | D12: 0 | E12: 0 | F12: 0 | G12: 0 | H12: 4 | I12: 7 | J12: =IF(RMODE="تقريب لأعلى",ROUNDUP(O12,0),ROUND(O12,0)) | L12: =K12-J12 | M12: =IF(J12=0,"",K12/J12) | N12: =IF(J12=0,"لا ينطبق",IF(K12>=J12,"مكتمل",IF(K12=0,"لا يوجد","عجز"))) | O12: =IF(CAP<=$D$4,D12*CAP/$D$4,IF(CAP>=$I$4,I12*CAP/$I$4,INDEX($D12:$I12,$D$3)+$E$3*(INDEX($D12:$I12,$D$3+1)-INDEX($D12:$I12,$D$3))))
A13: 9 | B13: أخصائي غير طبيب | C13: أخصائي فيزياء طبية | D13: 1 | E13: 2 | F13: 2 | G13: 3 | H13: 3 | I13: 3 | J13: =IF(RMODE="تقريب لأعلى",ROUNDUP(O13,0),ROUND(O13,0)) | L13: =K13-J13 | M13: =IF(J13=0,"",K13/J13) | N13: =IF(J13=0,"لا ينطبق",IF(K13>=J13,"مكتمل",IF(K13=0,"لا يوجد","عجز"))) | O13: =IF(CAP<=$D$4,D13*CAP/$D$4,IF(CAP>=$I$4,I13*CAP/$I$4,INDEX($D13:$I13,$D$3)+$E$3*(INDEX($D13:$I13,$D$3+1)-INDEX($D13:$I13,$D$3))))
A14: 10 | B14: أخصائي غير طبيب | C14: أخصائي مختبر وبنك دم | D14: 6 | E14: 11 | F14: 18 | G14: 20 | H14: 22 | I14: 32 | J14: =IF(RMODE="تقريب لأعلى",ROUNDUP(O14,0),ROUND(O14,0)) | L14: =K14-J14 | M14: =IF(J14=0,"",K14/J14) | N14: =IF(J14=0,"لا ينطبق",IF(K14>=J14,"مكتمل",IF(K14=0,"لا يوجد","عجز"))) | O14: =IF(CAP<=$D$4,D14*CAP/$D$4,IF(CAP>=$I$4,I14*CAP/$I$4,INDEX($D14:$I14,$D$3)+$E$3*(INDEX($D14:$I14,$D$3+1)-INDEX($D14:$I14,$D$3))))
A15: 11 | B15: أخصائي غير طبيب | C15: أخصائي علاج طبيعي | D15: 4 | E15: 6 | F15: 9 | G15: 12 | H15: 18 | I15: 24 | J15: =IF(RMODE="تقريب لأعلى",ROUNDUP(O15,0),ROUND(O15,0)) | L15: =K15-J15 | M15: =IF(J15=0,"",K15/J15) | N15: =IF(J15=0,"لا ينطبق",IF(K15>=J15,"مكتمل",IF(K15=0,"لا يوجد","عجز"))) | O15: =IF(CAP<=$D$4,D15*CAP/$D$4,IF(CAP>=$I$4,I15*CAP/$I$4,INDEX($D15:$I15,$D$3)+$E$3*(INDEX($D15:$I15,$D$3+1)-INDEX($D15:$I15,$D$3))))
A16: 12 | B16: أخصائي غير طبيب | C16: أخصائي علاج وظيفي | D16: 0 | E16: 2 | F16: 3 | G16: 4 | H16: 4 | I16: 6 | J16: =IF(RMODE="تقريب لأعلى",ROUNDUP(O16,0),ROUND(O16,0)) | L16: =K16-J16 | M16: =IF(J16=0,"",K16/J16) | N16: =IF(J16=0,"لا ينطبق",IF(K16>=J16,"مكتمل",IF(K16=0,"لا يوجد","عجز"))) | O16: =IF(CAP<=$D$4,D16*CAP/$D$4,IF(CAP>=$I$4,I16*CAP/$I$4,INDEX($D16:$I16,$D$3)+$E$3*(INDEX($D16:$I16,$D$3+1)-INDEX($D16:$I16,$D$3))))
... A19: 15 | B19: أخصائي غير طبيب | C19: أخصائي أطراف صناعية | D19: 0 | E19: 0 | F19: 0 | G19: 2 | H19: 3 | I19: 4 | J19: =IF(RMODE="تقريب لأعلى",ROUNDUP(O19,0),ROUND(O19,0)) | L19: =K19-J19 | M19: =IF(J19=0,"",K19/J19) | N19: =IF(J19=0,"لا ينطبق",IF(K19>=J19,"مكتمل",IF(K19=0,"لا يوجد","عجز"))) | O19: =IF(CAP<=$D$4,D19*CAP/$D$4,IF(CAP>=$I$4,I19*CAP/$I$4,INDEX($D19:$I19,$D$3)+$E$3*(INDEX($D19:$I19,$D$3+1)-INDEX($D19:$I19,$D$3))))
A20: 16 | B20: أخصائي غير طبيب | C20: أخصائي ضمان الجودة وسلامة المرضى | D20: 2 | E20: 4 | F20: 4 | G20: 6 | H20: 6 | I20: 8 | J20: =IF(RMODE="تقريب لأعلى",ROUNDUP(O20,0),ROUND(O20,0)) | L20: =K20-J20 | M20: =IF(J20=0,"",K20/J20) | N20: =IF(J20=0,"لا ينطبق",IF(K20>=J20,"مكتمل",IF(K20=0,"لا يوجد","عجز"))) | O20: =IF(CAP<=$D$4,D20*CAP/$D$4,IF(CAP>=$I$4,I20*CAP/$I$4,INDEX($D20:$I20,$D$3)+$E$3*(INDEX($D20:$I20,$D$3+1)-INDEX($D20:$I20,$D$3)))) | P20: إيضاح 7
A21: 17 | B21: أخصائي غير طبيب | C21: أخصائي تثقيف صحي (غير طبيب) | D21: 2 | E21: 2 | F21: 2 | G21: 2 | H21: 3 | I21: 4 | J21: =IF(RMODE="تقريب لأعلى",ROUNDUP(O21,0),ROUND(O21,0)) | L21: =K21-J21 | M21: =IF(J21=0,"",K21/J21) | N21: =IF(J21=0,"لا ينطبق",IF(K21>=J21,"مكتمل",IF(K21=0,"لا يوجد","عجز"))) | O21: =IF(CAP<=$D$4,D21*CAP/$D$4,IF(CAP>=$I$4,I21*CAP/$I$4,INDEX($D21:$I21,$D$3)+$E$3*(INDEX($D21:$I21,$D$3+1)-INDEX($D21:$I21,$D$3))))
A22: 18 | B22: أخصائي غير طبيب | C22: أخصائي مناظير باطني | D22: 0 | E22: 2 | F22: 2 | G22: 3 | H22: 4 | I22: 4 | J22: =IF(RMODE="تقريب لأعلى",ROUNDUP(O22,0),ROUND(O22,0)) | L22: =K22-J22 | M22: =IF(J22=0,"",K22/J22) | N22: =IF(J22=0,"لا ينطبق",IF(K22>=J22,"مكتمل",IF(K22=0,"لا يوجد","عجز"))) | O22: =IF(CAP<=$D$4,D22*CAP/$D$4,IF(CAP>=$I$4,I22*CAP/$I$4,INDEX($D22:$I22,$D$3)+$E$3*(INDEX($D22:$I22,$D$3+1)-INDEX($D22:$I22,$D$3))))
A23: 19 | B23: أخصائي غير طبيب | C23: أخصائي مساعد طبيب أسنان | D23: 2 | E23: 2 | F23: 2 | G23: 2 | H23: 2 | I23: 2 | J23: =IF(RMODE="تقريب لأعلى",ROUNDUP(O23,0),ROUND(O23,0)) | L23: =K23-J23 | M23: =IF(J23=0,"",K23/J23) | N23: =IF(J23=0,"لا ينطبق",IF(K23>=J23,"مكتمل",IF(K23=0,"لا يوجد","عجز"))) | O23: =IF(CAP<=$D$4,D23*CAP/$D$4,IF(CAP>=$I$4,I23*CAP/$I$4,INDEX($D23:$I23,$D$3)+$E$3*(INDEX($D23:$I23,$D$3+1)-INDEX($D23:$I23,$D$3))))
A24: 20 | B24: تمريض | C24: أخصائي تمريض 60% | D24: 86 | E24: 174 | F24: 270 | G24: 372 | H24: 572 | I24: 786 | J24: =IF(RMODE="تقريب لأعلى",ROUNDUP(O24,0),ROUND(O24,0)) | L24: =K24-J24 | M24: =IF(J24=0,"",K24/J24) | N24: =IF(J24=0,"لا ينطبق",IF(K24>=J24,"مكتمل",IF(K24=0,"لا يوجد","عجز"))) | O24: =IF(CAP<=$D$4,D24*CAP/$D$4,IF(CAP>=$I$4,I24*CAP/$I$4,INDEX($D24:$I24,$D$3)+$E$3*(INDEX($D24:$I24,$D$3+1)-INDEX($D24:$I24,$D$3)))) | P24: إيضاح 30
A25: 21 | B25: قبالة | C25: أخصائي قبالة 60% | D25: 15 | E25: 23 | F25: 30 | G25: 45 | H25: 59 | I25: 74 | J25: =IF(RMODE="تقريب لأعلى",ROUNDUP(O25,0),ROUND(O25,0)) | L25: =K25-J25 | M25: =IF(J25=0,"",K25/J25) | N25: =IF(J25=0,"لا ينطبق",IF(K25>=J25,"مكتمل",IF(K25=0,"لا يوجد","عجز"))) | O25: =IF(CAP<=$D$4,D25*CAP/$D$4,IF(CAP>=$I$4,I25*CAP/$I$4,INDEX($D25:$I25,$D$3)+$E$3*(INDEX($D25:$I25,$D$3+1)-INDEX($D25:$I25,$D$3)))) | P25: إيضاح 10
A26: 22 | B26: أخصائي غير طبيب | C26: أخصائي عمليات | D26: 6 | E26: 8 | F26: 9 | G26: 10 | H26: 15 | I26: 18 | J26: =IF(RMODE="تقريب لأعلى",ROUNDUP(O26,0),ROUND(O26,0)) | L26: =K26-J26 | M26: =IF(J26=0,"",K26/J26) | N26: =IF(J26=0,"لا ينطبق",IF(K26>=J26,"مكتمل",IF(K26=0,"لا يوجد","عجز"))) | O26: =IF(CAP<=$D$4,D26*CAP/$D$4,IF(CAP>=$I$4,I26*CAP/$I$4,INDEX($D26:$I26,$D$3)+$E$3*(INDEX($D26:$I26,$D$3+1)-INDEX($D26:$I26,$D$3))))
A27: 23 | B27: أخصائي غير طبيب | C27: أخصائي تعقيم | D27: 4 | E27: 4 | F27: 5 | G27: 6 | H27: 7 | I27: 8 | J27: =IF(RMODE="تقريب لأعلى",ROUNDUP(O27,0),ROUND(O27,0)) | L27: =K27-J27 | M27: =IF(J27=0,"",K27/J27) | N27: =IF(J27=0,"لا ينطبق",IF(K27>=J27,"مكتمل",IF(K27=0,"لا يوجد","عجز"))) | O27: =IF(CAP<=$D$4,D27*CAP/$D$4,IF(CAP>=$I$4,I27*CAP/$I$4,INDEX($D27:$I27,$D$3)+$E$3*(INDEX($D27:$I27,$D$3+1)-INDEX($D27:$I27,$D$3))))
A28: 24 | B28: أخصائي غير طبيب | C28: أخصائي جبائر | D28: 1 | E28: 1 | F28: 2 | G28: 3 | H28: 3 | I28: 4 | J28: =IF(RMODE="تقريب لأعلى",ROUNDUP(O28,0),ROUND(O28,0)) | L28: =K28-J28 | M28: =IF(J28=0,"",K28/J28) | N28: =IF(J28=0,"لا ينطبق",IF(K28>=J28,"مكتمل",IF(K28=0,"لا يوجد","عجز"))) | O28: =IF(CAP<=$D$4,D28*CAP/$D$4,IF(CAP>=$I$4,I28*CAP/$I$4,INDEX($D28:$I28,$D$3)+$E$3*(INDEX($D28:$I28,$D$3+1)-INDEX($D28:$I28,$D$3))))
A29: 25 | B29: أخصائي غير طبيب | C29: أخصائي علاج تنفسي | D29: 4 | E29: 9 | F29: 12 | G29: 16 | H29: 25 | I29: 30 | J29: =IF(RMODE="تقريب لأعلى",ROUNDUP(O29,0),ROUND(O29,0)) | L29: =K29-J29 | M29: =IF(J29=0,"",K29/J29) | N29: =IF(J29=0,"لا ينطبق",IF(K29>=J29,"مكتمل",IF(K29=0,"لا يوجد","عجز"))) | O29: =IF(CAP<=$D$4,D29*CAP/$D$4,IF(CAP>=$I$4,I29*CAP/$I$4,INDEX($D29:$I29,$D$3)+$E$3*(INDEX($D29:$I29,$D$3+1)-INDEX($D29:$I29,$D$3)))) | P29: إيضاحات 22-25
A30: 26 | B30: أخصائي غير طبيب | C30: أخصائي بصريات | D30: 2 | E30: 3 | F30: 4 | G30: 5 | H30: 6 | I30: 6 | J30: =IF(RMODE="تقريب لأعلى",ROUNDUP(O30,0),ROUND(O30,0)) | L30: =K30-J30 | M30: =IF(J30=0,"",K30/J30) | N30: =IF(J30=0,"لا ينطبق",IF(K30>=J30,"مكتمل",IF(K30=0,"لا يوجد","عجز"))) | O30: =IF(CAP<=$D$4,D30*CAP/$D$4,IF(CAP>=$I$4,I30*CAP/$I$4,INDEX($D30:$I30,$D$3)+$E$3*(INDEX($D30:$I30,$D$3+1)-INDEX($D30:$I30,$D$3))))
A31: 27 | B31: أخصائي غير طبيب | C31: أخصائي أجهزة طبية | D31: 1 | E31: 2 | F31: 4 | G31: 4 | H31: 5 | I31: 6 | J31: =IF(RMODE="تقريب لأعلى",ROUNDUP(O31,0),ROUND(O31,0)) | L31: =K31-J31 | M31: =IF(J31=0,"",K31/J31) | N31: =IF(J31=0,"لا ينطبق",IF(K31>=J31,"مكتمل",IF(K31=0,"لا يوجد","عجز"))) | O31: =IF(CAP<=$D$4,D31*CAP/$D$4,IF(CAP>=$I$4,I31*CAP/$I$4,INDEX($D31:$I31,$D$3)+$E$3*(INDEX($D31:$I31,$D$3+1)-INDEX($D31:$I31,$D$3))))
A32: 28 | B32: أخصائي غير طبيب | C32: أخصائي معلوماتية صحية | D32: 5 | E32: 10 | F32: 15 | G32: 15 | H32: 20 | I32: 25 | J32: =IF(RMODE="تقريب لأعلى",ROUNDUP(O32,0),ROUND(O32,0)) | L32: =K32-J32 | M32: =IF(J32=0,"",K32/J32) | N32: =IF(J32=0,"لا ينطبق",IF(K32>=J32,"مكتمل",IF(K32=0,"لا يوجد","عجز"))) | O32: =IF(CAP<=$D$4,D32*CAP/$D$4,IF(CAP>=$I$4,I32*CAP/$I$4,INDEX($D32:$I32,$D$3)+$E$3*(INDEX($D32:$I32,$D$3+1)-INDEX($D32:$I32,$D$3))))
A33: 29 | B33: أخصائي غير طبيب | C33: أخصائي صحة عامة | D33: 2 | E33: 2 | F33: 2 | G33: 2 | H33: 3 | I33: 3 | J33: =IF(RMODE="تقريب لأعلى",ROUNDUP(O33,0),ROUND(O33,0)) | L33: =K33-J33 | M33: =IF(J33=0,"",K33/J33) | N33: =IF(J33=0,"لا ينطبق",IF(K33>=J33,"مكتمل",IF(K33=0,"لا يوجد","عجز"))) | O33: =IF(CAP<=$D$4,D33*CAP/$D$4,IF(CAP>=$I$4,I33*CAP/$I$4,INDEX($D33:$I33,$D$3)+$E$3*(INDEX($D33:$I33,$D$3+1)-INDEX($D33:$I33,$D$3))))
A34: 30 | B34: أخصائي غير طبيب | C34: أخصائي وبائيات | D34: 1 | E34: 1 | F34: 2 | G34: 2 | H34: 3 | I34: 4 | J34: =IF(RMODE="تقريب لأعلى",ROUNDUP(O34,0),ROUND(O34,0)) | L34: =K34-J34 | M34: =IF(J34=0,"",K34/J34) | N34: =IF(J34=0,"لا ينطبق",IF(K34>=J34,"مكتمل",IF(K34=0,"لا يوجد","عجز"))) | O34: =IF(CAP<=$D$4,D34*CAP/$D$4,IF(CAP>=$I$4,I34*CAP/$I$4,INDEX($D34:$I34,$D$3)+$E$3*(INDEX($D34:$I34,$D$3+1)-INDEX($D34:$I34,$D$3))))
A35: 31 | B35: أخصائي غير طبيب | C35: أخصائي تغذية | D35: 3 | E35: 4 | F35: 4 | G35: 8 | H35: 10 | I35: 12 | J35: =IF(RMODE="تقريب لأعلى",ROUNDUP(O35,0),ROUND(O35,0)) | L35: =K35-J35 | M35: =IF(J35=0,"",K35/J35) | N35: =IF(J35=0,"لا ينطبق",IF(K35>=J35,"مكتمل",IF(K35=0,"لا يوجد","عجز"))) | O35: =IF(CAP<=$D$4,D35*CAP/$D$4,IF(CAP>=$I$4,I35*CAP/$I$4,INDEX($D35:$I35,$D$3)+$E$3*(INDEX($D35:$I35,$D$3+1)-INDEX($D35:$I35,$D$3))))
A36: 32 | B36: أخصائي غير طبيب | C36: أخصائي تغذية علاجية | D36: 2 | E36: 5 | F36: 6 | G36: 8 | H36: 10 | I36: 12 | J36: =IF(RMODE="تقريب لأعلى",ROUNDUP(O36,0),ROUND(O36,0)) | L36: =K36-J36 | M36: =IF(J36=0,"",K36/J36) | N36: =IF(J36=0,"لا ينطبق",IF(K36>=J36,"مكتمل",IF(K36=0,"لا يوجد","عجز"))) | O36: =IF(CAP<=$D$4,D36*CAP/$D$4,IF(CAP>=$I$4,I36*CAP/$I$4,INDEX($D36:$I36,$D$3)+$E$3*(INDEX($D36:$I36,$D$3+1)-INDEX($D36:$I36,$D$3))))
A37: 33 | B37: أخصائي غير طبيب | C37: أخصائي اجتماعي | D37: 4 | E37: 6 | F37: 8 | G37: 10 | H37: 12 | I37: 15 | J37: =IF(RMODE="تقريب لأعلى",ROUNDUP(O37,0),ROUND(O37,0)) | L37: =K37-J37 | M37: =IF(J37=0,"",K37/J37) | N37: =IF(J37=0,"لا ينطبق",IF(K37>=J37,"مكتمل",IF(K37=0,"لا يوجد","عجز"))) | O37: =IF(CAP<=$D$4,D37*CAP/$D$4,IF(CAP>=$I$4,I37*CAP/$I$4,INDEX($D37:$I37,$D$3)+$E$3*(INDEX($D37:$I37,$D$3+1)-INDEX($D37:$I37,$D$3))))
A38: 34 | B38: أخصائي غير طبيب | C38: أخصائي توثيق إكلينيكي CDI | D38: 2 | E38: 2 | F38: 2 | G38: 2 | H38: 2 | I38: 3 | J38: =IF(RMODE="تقريب لأعلى",ROUNDUP(O38,0),ROUND(O38,0)) | L38: =K38-J38 | M38: =IF(J38=0,"",K38/J38) | N38: =IF(J38=0,"لا ينطبق",IF(K38>=J38,"مكتمل",IF(K38=0,"لا يوجد","عجز"))) | O38: =IF(CAP<=$D$4,D38*CAP/$D$4,IF(CAP>=$I$4,I38*CAP/$I$4,INDEX($D38:$I38,$D$3)+$E$3*(INDEX($D38:$I38,$D$3+1)-INDEX($D38:$I38,$D$3))))
A39: 35 | B39: أخصائي غير طبيب | C39: أخصائي أول تغذية عامة / سلامة غذاء | D39: 0 | E39: 1 | F39: 2 | G39: 2 | H39: 2 | I39: 3 | J39: =IF(RMODE="تقريب لأعلى",ROUNDUP(O39,0),ROUND(O39,0)) | L39: =K39-J39 | M39: =IF(J39=0,"",K39/J39) | N39: =IF(J39=0,"لا ينطبق",IF(K39>=J39,"مكتمل",IF(K39=0,"لا يوجد","عجز"))) | O39: =IF(CAP<=$D$4,D39*CAP/$D$4,IF(CAP>=$I$4,I39*CAP/$I$4,INDEX($D39:$I39,$D$3)+$E$3*(INDEX($D39:$I39,$D$3+1)-INDEX($D39:$I39,$D$3))))
A40: 36 | B40: أخصائي غير طبيب | C40: استشاري تغذية عامة / سلامة غذاء | D40: 0 | E40: 0 | F40: 1 | G40: 1 | H40: 2 | I40: 2 | J40: =IF(RMODE="تقريب لأعلى",ROUNDUP(O40,0),ROUND(O40,0)) | L40: =K40-J40 | M40: =IF(J40=0,"",K40/J40) | N40: =IF(J40=0,"لا ينطبق",IF(K40>=J40,"مكتمل",IF(K40=0,"لا يوجد","عجز"))) | O40: =IF(CAP<=$D$4,D40*CAP/$D$4,IF(CAP>=$I$4,I40*CAP/$I$4,INDEX($D40:$I40,$D$3)+$E$3*(INDEX($D40:$I40,$D$3+1)-INDEX($D40:$I40,$D$3))))
A41: 37 | B41: أخصائي غير طبيب | C41: أخصائي أول تغذية سريرية | D41: 0 | E41: 1 | F41: 2 | G41: 3 | H41: 4 | I41: 5 | J41: =IF(RMODE="تقريب لأعلى",ROUNDUP(O41,0),ROUND(O41,0)) | L41: =K41-J41 | M41: =IF(J41=0,"",K41/J41) | N41: =IF(J41=0,"لا ينطبق",IF(K41>=J41,"مكتمل",IF(K41=0,"لا يوجد","عجز"))) | O41: =IF(CAP<=$D$4,D41*CAP/$D$4,IF(CAP>=$I$4,I41*CAP/$I$4,INDEX($D41:$I41,$D$3)+$E$3*(INDEX($D41:$I41,$D$3+1)-INDEX($D41:$I41,$D$3))))
... A43: 39 | B43: أخصائي غير طبيب | C43: أخصائي إدارة مخاطر | D43: 1 | E43: 1 | F43: 1 | G43: 1 | H43: 2 | I43: 2 | J43: =IF(RMODE="تقريب لأعلى",ROUNDUP(O43,0),ROUND(O43,0)) | L43: =K43-J43 | M43: =IF(J43=0,"",K43/J43) | N43: =IF(J43=0,"لا ينطبق",IF(K43>=J43,"مكتمل",IF(K43=0,"لا يوجد","عجز"))) | O43: =IF(CAP<=$D$4,D43*CAP/$D$4,IF(CAP>=$I$4,I43*CAP/$I$4,INDEX($D43:$I43,$D$3)+$E$3*(INDEX($D43:$I43,$D$3+1)-INDEX($D43:$I43,$D$3))))
A44: 40 | B44: أخصائي غير طبيب | C44: أخصائي مكافحة عدوى (غير طبيب) | D44: 3 | E44: 3 | F44: 4 | G44: 5 | H44: 7 | I44: 9 | J44: =IF(RMODE="تقريب لأعلى",ROUNDUP(O44,0),ROUND(O44,0)) | L44: =K44-J44 | M44: =IF(J44=0,"",K44/J44) | N44: =IF(J44=0,"لا ينطبق",IF(K44>=J44,"مكتمل",IF(K44=0,"لا يوجد","عجز"))) | O44: =IF(CAP<=$D$4,D44*CAP/$D$4,IF(CAP>=$I$4,I44*CAP/$I$4,INDEX($D44:$I44,$D$3)+$E$3*(INDEX($D44:$I44,$D$3+1)-INDEX($D44:$I44,$D$3)))) | P44: إيضاح 7
A45: 41 | B45: أخصائي غير طبيب | C45: أخصائي صحة مهنية (غير طبيب) | D45: 1 | E45: 2 | F45: 2 | G45: 2 | H45: 3 | I45: 3 | J45: =IF(RMODE="تقريب لأعلى",ROUNDUP(O45,0),ROUND(O45,0)) | L45: =K45-J45 | M45: =IF(J45=0,"",K45/J45) | N45: =IF(J45=0,"لا ينطبق",IF(K45>=J45,"مكتمل",IF(K45=0,"لا يوجد","عجز"))) | O45: =IF(CAP<=$D$4,D45*CAP/$D$4,IF(CAP>=$I$4,I45*CAP/$I$4,INDEX($D45:$I45,$D$3)+$E$3*(INDEX($D45:$I45,$D$3+1)-INDEX($D45:$I45,$D$3))))
A46: 42 | B46: أخصائي غير طبيب | C46: أخصائي صحة بيئة (غير طبيب) | D46: 1 | E46: 1 | F46: 1 | G46: 1 | H46: 1 | I46: 1 | J46: =IF(RMODE="تقريب لأعلى",ROUNDUP(O46,0),ROUND(O46,0)) | L46: =K46-J46 | M46: =IF(J46=0,"",K46/J46) | N46: =IF(J46=0,"لا ينطبق",IF(K46>=J46,"مكتمل",IF(K46=0,"لا يوجد","عجز"))) | O46: =IF(CAP<=$D$4,D46*CAP/$D$4,IF(CAP>=$I$4,I46*CAP/$I$4,INDEX($D46:$I46,$D$3)+$E$3*(INDEX($D46:$I46,$D$3+1)-INDEX($D46:$I46,$D$3))))
A47: 43 | B47: أخصائي غير طبيب | C47: أخصائي أول علاج طبيعي | D47: 2 | E47: 3 | F47: 4 | G47: 5 | H47: 8 | I47: 10 | J47: =IF(RMODE="تقريب لأعلى",ROUNDUP(O47,0),ROUND(O47,0)) | L47: =K47-J47 | M47: =IF(J47=0,"",K47/J47) | N47: =IF(J47=0,"لا ينطبق",IF(K47>=J47,"مكتمل",IF(K47=0,"لا يوجد","عجز"))) | O47: =IF(CAP<=$D$4,D47*CAP/$D$4,IF(CAP>=$I$4,I47*CAP/$I$4,INDEX($D47:$I47,$D$3)+$E$3*(INDEX($D47:$I47,$D$3+1)-INDEX($D47:$I47,$D$3))))
A48: 44 | B48: أخصائي غير طبيب | C48: أخصائي استشاري علاج طبيعي | D48: 1 | E48: 1 | F48: 2 | G48: 3 | H48: 4 | I48: 5 | J48: =IF(RMODE="تقريب لأعلى",ROUNDUP(O48,0),ROUND(O48,0)) | L48: =K48-J48 | M48: =IF(J48=0,"",K48/J48) | N48: =IF(J48=0,"لا ينطبق",IF(K48>=J48,"مكتمل",IF(K48=0,"لا يوجد","عجز"))) | O48: =IF(CAP<=$D$4,D48*CAP/$D$4,IF(CAP>=$I$4,I48*CAP/$I$4,INDEX($D48:$I48,$D$3)+$E$3*(INDEX($D48:$I48,$D$3+1)-INDEX($D48:$I48,$D$3))))
A49: 45 | B49: أخصائي غير طبيب | C49: أخصائي أول علاج وظيفي | D49: 0 | E49: 0 | F49: 1 | G49: 2 | H49: 3 | I49: 4 | J49: =IF(RMODE="تقريب لأعلى",ROUNDUP(O49,0),ROUND(O49,0)) | L49: =K49-J49 | M49: =IF(J49=0,"",K49/J49) | N49: =IF(J49=0,"لا ينطبق",IF(K49>=J49,"مكتمل",IF(K49=0,"لا يوجد","عجز"))) | O49: =IF(CAP<=$D$4,D49*CAP/$D$4,IF(CAP>=$I$4,I49*CAP/$I$4,INDEX($D49:$I49,$D$3)+$E$3*(INDEX($D49:$I49,$D$3+1)-INDEX($D49:$I49,$D$3))))
A50: 46 | B50: أخصائي غير طبيب | C50: أخصائي استشاري علاج وظيفي | D50: 0 | E50: 0 | F50: 0 | G50: 0 | H50: 1 | I50: 2 | J50: =IF(RMODE="تقريب لأعلى",ROUNDUP(O50,0),ROUND(O50,0)) | L50: =K50-J50 | M50: =IF(J50=0,"",K50/J50) | N50: =IF(J50=0,"لا ينطبق",IF(K50>=J50,"مكتمل",IF(K50=0,"لا يوجد","عجز"))) | O50: =IF(CAP<=$D$4,D50*CAP/$D$4,IF(CAP>=$I$4,I50*CAP/$I$4,INDEX($D50:$I50,$D$3)+$E$3*(INDEX($D50:$I50,$D$3+1)-INDEX($D50:$I50,$D$3))))
A51: 47 | B51: أخصائي غير طبيب | C51: أخصائي أول أطراف صناعية | D51: 0 | E51: 0 | F51: 0 | G51: 0 | H51: 1 | I51: 2 | J51: =IF(RMODE="تقريب لأعلى",ROUNDUP(O51,0),ROUND(O51,0)) | L51: =K51-J51 | M51: =IF(J51=0,"",K51/J51) | N51: =IF(J51=0,"لا ينطبق",IF(K51>=J51,"مكتمل",IF(K51=0,"لا يوجد","عجز"))) | O51: =IF(CAP<=$D$4,D51*CAP/$D$4,IF(CAP>=$I$4,I51*CAP/$I$4,INDEX($D51:$I51,$D$3)+$E$3*(INDEX($D51:$I51,$D$3+1)-INDEX($D51:$I51,$D$3))))
A52: 48 | B52: أخصائي غير طبيب | C52: أخصائي استشاري أطراف صناعية | D52: 0 | E52: 0 | F52: 0 | G52: 0 | H52: 0 | I52: 1 | J52: =IF(RMODE="تقريب لأعلى",ROUNDUP(O52,0),ROUND(O52,0)) | L52: =K52-J52 | M52: =IF(J52=0,"",K52/J52) | N52: =IF(J52=0,"لا ينطبق",IF(K52>=J52,"مكتمل",IF(K52=0,"لا يوجد","عجز"))) | O52: =IF(CAP<=$D$4,D52*CAP/$D$4,IF(CAP>=$I$4,I52*CAP/$I$4,INDEX($D52:$I52,$D$3)+$E$3*(INDEX($D52:$I52,$D$3+1)-INDEX($D52:$I52,$D$3))))
A53: 49 | B53: أخصائي غير طبيب | C53: أخصائي أول معالجة نطق (تخاطب) | D53: 0 | E53: 0 | F53: 0 | G53: 2 | H53: 2 | I53: 4 | J53: =IF(RMODE="تقريب لأعلى",ROUNDUP(O53,0),ROUND(O53,0)) | L53: =K53-J53 | M53: =IF(J53=0,"",K53/J53) | N53: =IF(J53=0,"لا ينطبق",IF(K53>=J53,"مكتمل",IF(K53=0,"لا يوجد","عجز"))) | O53: =IF(CAP<=$D$4,D53*CAP/$D$4,IF(CAP>=$I$4,I53*CAP/$I$4,INDEX($D53:$I53,$D$3)+$E$3*(INDEX($D53:$I53,$D$3+1)-INDEX($D53:$I53,$D$3))))
A54: 50 | B54: أخصائي غير طبيب | C54: أخصائي استشاري معالجة نطق (تخاطب) | D54: 0 | E54: 0 | F54: 0 | G54: 0 | H54: 1 | I54: 2 | J54: =IF(RMODE="تقريب لأعلى",ROUNDUP(O54,0),ROUND(O54,0)) | L54: =K54-J54 | M54: =IF(J54=0,"",K54/J54) | N54: =IF(J54=0,"لا ينطبق",IF(K54>=J54,"مكتمل",IF(K54=0,"لا يوجد","عجز"))) | O54: =IF(CAP<=$D$4,D54*CAP/$D$4,IF(CAP>=$I$4,I54*CAP/$I$4,INDEX($D54:$I54,$D$3)+$E$3*(INDEX($D54:$I54,$D$3+1)-INDEX($D54:$I54,$D$3))))
A55: 51 | B55: أخصائي غير طبيب | C55: أخصائي أول أشعة | D55: 4 | E55: 5 | F55: 5 | G55: 7 | H55: 12 | I55: 14 | J55: =IF(RMODE="تقريب لأعلى",ROUNDUP(O55,0),ROUND(O55,0)) | L55: =K55-J55 | M55: =IF(J55=0,"",K55/J55) | N55: =IF(J55=0,"لا ينطبق",IF(K55>=J55,"مكتمل",IF(K55=0,"لا يوجد","عجز"))) | O55: =IF(CAP<=$D$4,D55*CAP/$D$4,IF(CAP>=$I$4,I55*CAP/$I$4,INDEX($D55:$I55,$D$3)+$E$3*(INDEX($D55:$I55,$D$3+1)-INDEX($D55:$I55,$D$3))))
A56: 52 | B56: أخصائي غير طبيب | C56: أخصائي استشاري أشعة | D56: 0 | E56: 1 | F56: 2 | G56: 3 | H56: 8 | I56: 10 | J56: =IF(RMODE="تقريب لأعلى",ROUNDUP(O56,0),ROUND(O56,0)) | L56: =K56-J56 | M56: =IF(J56=0,"",K56/J56) | N56: =IF(J56=0,"لا ينطبق",IF(K56>=J56,"مكتمل",IF(K56=0,"لا يوجد","عجز"))) | O56: =IF(CAP<=$D$4,D56*CAP/$D$4,IF(CAP>=$I$4,I56*CAP/$I$4,INDEX($D56:$I56,$D$3)+$E$3*(INDEX($D56:$I56,$D$3+1)-INDEX($D56:$I56,$D$3))))
... A58: 54 | B58: أخصائي غير طبيب | C58: أخصائي أول فيزياء طبية | D58: 0 | E58: 1 | F58: 1 | G58: 1 | H58: 2 | I58: 2 | J58: =IF(RMODE="تقريب لأعلى",ROUNDUP(O58,0),ROUND(O58,0)) | L58: =K58-J58 | M58: =IF(J58=0,"",K58/J58) | N58: =IF(J58=0,"لا ينطبق",IF(K58>=J58,"مكتمل",IF(K58=0,"لا يوجد","عجز"))) | O58: =IF(CAP<=$D$4,D58*CAP/$D$4,IF(CAP>=$I$4,I58*CAP/$I$4,INDEX($D58:$I58,$D$3)+$E$3*(INDEX($D58:$I58,$D$3+1)-INDEX($D58:$I58,$D$3))))
A59: 55 | B59: قبالة | C59: أخصائي أول قبالة 10% | D59: 3 | E59: 4 | F59: 5 | G59: 8 | H59: 10 | I59: 13 | J59: =IF(RMODE="تقريب لأعلى",ROUNDUP(O59,0),ROUND(O59,0)) | L59: =K59-J59 | M59: =IF(J59=0,"",K59/J59) | N59: =IF(J59=0,"لا ينطبق",IF(K59>=J59,"مكتمل",IF(K59=0,"لا يوجد","عجز"))) | O59: =IF(CAP<=$D$4,D59*CAP/$D$4,IF(CAP>=$I$4,I59*CAP/$I$4,INDEX($D59:$I59,$D$3)+$E$3*(INDEX($D59:$I59,$D$3+1)-INDEX($D59:$I59,$D$3)))) | P59: إيضاح 10
A60: 56 | B60: قبالة | C60: استشاري قبالة 1% | D60: 0 | E60: 0 | F60: 0 | G60: 1 | H60: 1 | I60: 1 | J60: =IF(RMODE="تقريب لأعلى",ROUNDUP(O60,0),ROUND(O60,0)) | L60: =K60-J60 | M60: =IF(J60=0,"",K60/J60) | N60: =IF(J60=0,"لا ينطبق",IF(K60>=J60,"مكتمل",IF(K60=0,"لا يوجد","عجز"))) | O60: =IF(CAP<=$D$4,D60*CAP/$D$4,IF(CAP>=$I$4,I60*CAP/$I$4,INDEX($D60:$I60,$D$3)+$E$3*(INDEX($D60:$I60,$D$3+1)-INDEX($D60:$I60,$D$3)))) | P60: إيضاح 10
A61: 57 | B61: أخصائي غير طبيب | C61: أخصائي مختبر أجنة | D61: 0 | E61: 0 | F61: 1 | G61: 1 | H61: 2 | I61: 3 | J61: =IF(RMODE="تقريب لأعلى",ROUNDUP(O61,0),ROUND(O61,0)) | L61: =K61-J61 | M61: =IF(J61=0,"",K61/J61) | N61: =IF(J61=0,"لا ينطبق",IF(K61>=J61,"مكتمل",IF(K61=0,"لا يوجد","عجز"))) | O61: =IF(CAP<=$D$4,D61*CAP/$D$4,IF(CAP>=$I$4,I61*CAP/$I$4,INDEX($D61:$I61,$D$3)+$E$3*(INDEX($D61:$I61,$D$3+1)-INDEX($D61:$I61,$D$3))))
A62: 58 | B62: أخصائي غير طبيب | C62: أخصائي أول مختبر وبنك دم | D62: 5 | E62: 6 | F62: 8 | G62: 10 | H62: 10 | I62: 15 | J62: =IF(RMODE="تقريب لأعلى",ROUNDUP(O62,0),ROUND(O62,0)) | L62: =K62-J62 | M62: =IF(J62=0,"",K62/J62) | N62: =IF(J62=0,"لا ينطبق",IF(K62>=J62,"مكتمل",IF(K62=0,"لا يوجد","عجز"))) | O62: =IF(CAP<=$D$4,D62*CAP/$D$4,IF(CAP>=$I$4,I62*CAP/$I$4,INDEX($D62:$I62,$D$3)+$E$3*(INDEX($D62:$I62,$D$3+1)-INDEX($D62:$I62,$D$3))))
A63: 59 | B63: أخصائي غير طبيب | C63: أخصائي استشاري مختبر وبنك دم | D63: 1 | E63: 1 | F63: 2 | G63: 3 | H63: 5 | I63: 10 | J63: =IF(RMODE="تقريب لأعلى",ROUNDUP(O63,0),ROUND(O63,0)) | L63: =K63-J63 | M63: =IF(J63=0,"",K63/J63) | N63: =IF(J63=0,"لا ينطبق",IF(K63>=J63,"مكتمل",IF(K63=0,"لا يوجد","عجز"))) | O63: =IF(CAP<=$D$4,D63*CAP/$D$4,IF(CAP>=$I$4,I63*CAP/$I$4,INDEX($D63:$I63,$D$3)+$E$3*(INDEX($D63:$I63,$D$3+1)-INDEX($D63:$I63,$D$3))))
A64: 60 | B64: أخصائي غير طبيب | C64: أخصائي مسالك بولية (غير طبيب) | D64: 0 | E64: 0 | F64: 1 | G64: 1 | H64: 1 | I64: 2 | J64: =IF(RMODE="تقريب لأعلى",ROUNDUP(O64,0),ROUND(O64,0)) | L64: =K64-J64 | M64: =IF(J64=0,"",K64/J64) | N64: =IF(J64=0,"لا ينطبق",IF(K64>=J64,"مكتمل",IF(K64=0,"لا يوجد","عجز"))) | O64: =IF(CAP<=$D$4,D64*CAP/$D$4,IF(CAP>=$I$4,I64*CAP/$I$4,INDEX($D64:$I64,$D$3)+$E$3*(INDEX($D64:$I64,$D$3+1)-INDEX($D64:$I64,$D$3))))
A65: 61 | B65: أخصائي غير طبيب | C65: أخصائي تجربة المريض | D65: 2 | E65: 4 | F65: 5 | G65: 7 | H65: 9 | I65: 10 | J65: =IF(RMODE="تقريب لأعلى",ROUNDUP(O65,0),ROUND(O65,0)) | L65: =K65-J65 | M65: =IF(J65=0,"",K65/J65) | N65: =IF(J65=0,"لا ينطبق",IF(K65>=J65,"مكتمل",IF(K65=0,"لا يوجد","عجز"))) | O65: =IF(CAP<=$D$4,D65*CAP/$D$4,IF(CAP>=$I$4,I65*CAP/$I$4,INDEX($D65:$I65,$D$3)+$E$3*(INDEX($D65:$I65,$D$3+1)-INDEX($D65:$I65,$D$3))))
A66: 62 | B66: أخصائي غير طبيب | C66: أخصائي استشاري وراثي | D66: 0 | E66: 1 | F66: 1 | G66: 2 | H66: 2 | I66: 2 | J66: =IF(RMODE="تقريب لأعلى",ROUNDUP(O66,0),ROUND(O66,0)) | L66: =K66-J66 | M66: =IF(J66=0,"",K66/J66) | N66: =IF(J66=0,"لا ينطبق",IF(K66>=J66,"مكتمل",IF(K66=0,"لا يوجد","عجز"))) | O66: =IF(CAP<=$D$4,D66*CAP/$D$4,IF(CAP>=$I$4,I66*CAP/$I$4,INDEX($D66:$I66,$D$3)+$E$3*(INDEX($D66:$I66,$D$3+1)-INDEX($D66:$I66,$D$3))))
A67: 63 | B67: تمريض | C67: أخصائي أول تمريض 10% | D67: 20 | E67: 37 | F67: 54 | G67: 81 | H67: 108 | I67: 142 | J67: =IF(RMODE="تقريب لأعلى",ROUNDUP(O67,0),ROUND(O67,0)) | L67: =K67-J67 | M67: =IF(J67=0,"",K67/J67) | N67: =IF(J67=0,"لا ينطبق",IF(K67>=J67,"مكتمل",IF(K67=0,"لا يوجد","عجز"))) | O67: =IF(CAP<=$D$4,D67*CAP/$D$4,IF(CAP>=$I$4,I67*CAP/$I$4,INDEX($D67:$I67,$D$3)+$E$3*(INDEX($D67:$I67,$D$3+1)-INDEX($D67:$I67,$D$3)))) | P67: إيضاح 30
A68: 64 | B68: تمريض | C68: استشاري تمريض 0.5% | D68: 0 | E68: 0 | F68: 0 | G68: 4 | H68: 5 | I68: 7 | J68: =IF(RMODE="تقريب لأعلى",ROUNDUP(O68,0),ROUND(O68,0)) | L68: =K68-J68 | M68: =IF(J68=0,"",K68/J68) | N68: =IF(J68=0,"لا ينطبق",IF(K68>=J68,"مكتمل",IF(K68=0,"لا يوجد","عجز"))) | O68: =IF(CAP<=$D$4,D68*CAP/$D$4,IF(CAP>=$I$4,I68*CAP/$I$4,INDEX($D68:$I68,$D$3)+$E$3*(INDEX($D68:$I68,$D$3+1)-INDEX($D68:$I68,$D$3)))) | P68: إيضاح 30: تبدأ من 300 سرير
A69: 65 | B69: أخصائي غير طبيب | C69: استشاري علاج تنفسي | D69: 1 | E69: 2 | F69: 2 | G69: 2 | H69: 3 | I69: 5 | J69: =IF(RMODE="تقريب لأعلى",ROUNDUP(O69,0),ROUND(O69,0)) | L69: =K69-J69 | M69: =IF(J69=0,"",K69/J69) | N69: =IF(J69=0,"لا ينطبق",IF(K69>=J69,"مكتمل",IF(K69=0,"لا يوجد","عجز"))) | O69: =IF(CAP<=$D$4,D69*CAP/$D$4,IF(CAP>=$I$4,I69*CAP/$I$4,INDEX($D69:$I69,$D$3)+$E$3*(INDEX($D69:$I69,$D$3+1)-INDEX($D69:$I69,$D$3)))) | P69: إيضاحات 22-25
A70: 66 | B70: أخصائي غير طبيب | C70: أخصائي أول علاج تنفسي | D70: 4 | E70: 6 | F70: 8 | G70: 8 | H70: 10 | I70: 14 | J70: =IF(RMODE="تقريب لأعلى",ROUNDUP(O70,0),ROUND(O70,0)) | L70: =K70-J70 | M70: =IF(J70=0,"",K70/J70) | N70: =IF(J70=0,"لا ينطبق",IF(K70>=J70,"مكتمل",IF(K70=0,"لا يوجد","عجز"))) | O70: =IF(CAP<=$D$4,D70*CAP/$D$4,IF(CAP>=$I$4,I70*CAP/$I$4,INDEX($D70:$I70,$D$3)+$E$3*(INDEX($D70:$I70,$D$3+1)-INDEX($D70:$I70,$D$3)))) | P70: إيضاحات 22-25
A71: 67 | B71: أخصائي غير طبيب | C71: أخصائي أول بصريات | D71: 1 | E71: 1 | F71: 2 | G71: 3 | H71: 3 | I71: 4 | J71: =IF(RMODE="تقريب لأعلى",ROUNDUP(O71,0),ROUND(O71,0)) | L71: =K71-J71 | M71: =IF(J71=0,"",K71/J71) | N71: =IF(J71=0,"لا ينطبق",IF(K71>=J71,"مكتمل",IF(K71=0,"لا يوجد","عجز"))) | O71: =IF(CAP<=$D$4,D71*CAP/$D$4,IF(CAP>=$I$4,I71*CAP/$I$4,INDEX($D71:$I71,$D$3)+$E$3*(INDEX($D71:$I71,$D$3+1)-INDEX($D71:$I71,$D$3))))
A72: 68 | B72: أخصائي غير طبيب | C72: استشاري بصريات | D72: 0 | E72: 0 | F72: 1 | G72: 1 | H72: 2 | I72: 2 | J72: =IF(RMODE="تقريب لأعلى",ROUNDUP(O72,0),ROUND(O72,0)) | L72: =K72-J72 | M72: =IF(J72=0,"",K72/J72) | N72: =IF(J72=0,"لا ينطبق",IF(K72>=J72,"مكتمل",IF(K72=0,"لا يوجد","عجز"))) | O72: =IF(CAP<=$D$4,D72*CAP/$D$4,IF(CAP>=$I$4,I72*CAP/$I$4,INDEX($D72:$I72,$D$3)+$E$3*(INDEX($D72:$I72,$D$3+1)-INDEX($D72:$I72,$D$3))))
A73: 69 | B73: أخصائي غير طبيب | C73: أخصائي علم الوراثة والجزيئات الحيوية (غير طبيب) | D73: 0 | E73: 0 | F73: 0 | G73: 1 | H73: 1 | I73: 2 | J73: =IF(RMODE="تقريب لأعلى",ROUNDUP(O73,0),ROUND(O73,0)) | L73: =K73-J73 | M73: =IF(J73=0,"",K73/J73) | N73: =IF(J73=0,"لا ينطبق",IF(K73>=J73,"مكتمل",IF(K73=0,"لا يوجد","عجز"))) | O73: =IF(CAP<=$D$4,D73*CAP/$D$4,IF(CAP>=$I$4,I73*CAP/$I$4,INDEX($D73:$I73,$D$3)+$E$3*(INDEX($D73:$I73,$D$3+1)-INDEX($D73:$I73,$D$3))))
C74: المجموع (محسوب من الجدول) | D74: =SUM(D5:D73) | E74: =SUM(E5:E73) | F74: =SUM(F5:F73) | G74: =SUM(G5:G73) | H74: =SUM(H5:H73) | I74: =SUM(I5:I73) | J74: =SUM(J5:J73) | K74: =SUM(K5:K73) | L74: =SUM(L5:L73) | M74: =IF(J74=0,"",K74/J74) | O74: =SUM(O5:O73)

Sheet ولادة - الفنيون
A1: ولادة - الفنيون
A2: الملحق (2) — الفنيون، ويشمل فني تمريض وفني قبالة (صفحات 52-53)
C3: معاملا الاستيفاء ◄ | D3: =IFERROR(MATCH(CAP,$D$4:$I$4,1),1) | E3: =IF(OR(CAP<=$D$4,CAP>=$I$4),0,(CAP-INDEX($D$4:$I$4,$D$3))/(INDEX($D$4:$I$4,$D$3+1)-INDEX($D$4:$I$4,$D$3)))
A4: م | B4: الفئة | C4: المسمى الوظيفي | D4: 100 | E4: 150 | F4: 200 | G4: 300 | H4: 400 | I4: 500 | J4: الاحتياج للسعة المدخلة | K4: الموجود فعلياً | L4: الفجوة (+فائض / -عجز) | M4: نسبة التغطية | N4: الحالة | O4: القيمة قبل التقريب | P4: ملاحظات
A5: 1 | B5: فني | C5: فني تقنية قلب أطفال | D5: 0 | E5: 0 | F5: 2 | G5: 4 | H5: 4 | I5: 4 | J5: =IF(RMODE="تقريب لأعلى",ROUNDUP(O5,0),ROUND(O5,0)) | L5: =K5-J5 | M5: =IF(J5=0,"",K5/J5) | N5: =IF(J5=0,"لا ينطبق",IF(K5>=J5,"مكتمل",IF(K5=0,"لا يوجد","عجز"))) | O5: =IF(CAP<=$D$4,D5*CAP/$D$4,IF(CAP>=$I$4,I5*CAP/$I$4,INDEX($D5:$I5,$D$3)+$E$3*(INDEX($D5:$I5,$D$3+1)-INDEX($D5:$I5,$D$3))))
A6: 2 | B6: فني | C6: فني أعصاب أطفال | D6: 0 | E6: 2 | F6: 2 | G6: 3 | H6: 4 | I6: 4 | J6: =IF(RMODE="تقريب لأعلى",ROUNDUP(O6,0),ROUND(O6,0)) | L6: =K6-J6 | M6: =IF(J6=0,"",K6/J6) | N6: =IF(J6=0,"لا ينطبق",IF(K6>=J6,"مكتمل",IF(K6=0,"لا يوجد","عجز"))) | O6: =IF(CAP<=$D$4,D6*CAP/$D$4,IF(CAP>=$I$4,I6*CAP/$I$4,INDEX($D6:$I6,$D$3)+$E$3*(INDEX($D6:$I6,$D$3+1)-INDEX($D6:$I6,$D$3))))
A7: 3 | B7: فني | C7: فني تخدير | D7: 6 | E7: 10 | F7: 12 | G7: 15 | H7: 20 | I7: 25 | J7: =IF(RMODE="تقريب لأعلى",ROUNDUP(O7,0),ROUND(O7,0)) | L7: =K7-J7 | M7: =IF(J7=0,"",K7/J7) | N7: =IF(J7=0,"لا ينطبق",IF(K7>=J7,"مكتمل",IF(K7=0,"لا يوجد","عجز"))) | O7: =IF(CAP<=$D$4,D7*CAP/$D$4,IF(CAP>=$I$4,I7*CAP/$I$4,INDEX($D7:$I7,$D$3)+$E$3*(INDEX($D7:$I7,$D$3+1)-INDEX($D7:$I7,$D$3))))
A8: 4 | B8: فني | C8: فني إسعاف وطوارئ أطفال | D8: 8 | E8: 12 | F8: 15 | G8: 20 | H8: 25 | I8: 30 | J8: =IF(RMODE="تقريب لأعلى",ROUNDUP(O8,0),ROUND(O8,0)) | L8: =K8-J8 | M8: =IF(J8=0,"",K8/J8) | N8: =IF(J8=0,"لا ينطبق",IF(K8>=J8,"مكتمل",IF(K8=0,"لا يوجد","عجز"))) | O8: =IF(CAP<=$D$4,D8*CAP/$D$4,IF(CAP>=$I$4,I8*CAP/$I$4,INDEX($D8:$I8,$D$3)+$E$3*(INDEX($D8:$I8,$D$3+1)-INDEX($D8:$I8,$D$3))))
A9: 5 | B9: فني | C9: فني أشعة | D9: 12 | E9: 11 | F9: 11 | G9: 12 | H9: 15 | I9: 11 | J9: =IF(RMODE="تقريب لأعلى",ROUNDUP(O9,0),ROUND(O9,0)) | L9: =K9-J9 | M9: =IF(J9=0,"",K9/J9) | N9: =IF(J9=0,"لا ينطبق",IF(K9>=J9,"مكتمل",IF(K9=0,"لا يوجد","عجز"))) | O9: =IF(CAP<=$D$4,D9*CAP/$D$4,IF(CAP>=$I$4,I9*CAP/$I$4,INDEX($D9:$I9,$D$3)+$E$3*(INDEX($D9:$I9,$D$3+1)-INDEX($D9:$I9,$D$3))))
A10: 6 | B10: فني | C10: فني مختبرات | D10: 12 | E10: 18 | F10: 23 | G10: 27 | H10: 46 | I10: 60 | J10: =IF(RMODE="تقريب لأعلى",ROUNDUP(O10,0),ROUND(O10,0)) | L10: =K10-J10 | M10: =IF(J10=0,"",K10/J10) | N10: =IF(J10=0,"لا ينطبق",IF(K10>=J10,"مكتمل",IF(K10=0,"لا يوجد","عجز"))) | O10: =IF(CAP<=$D$4,D10*CAP/$D$4,IF(CAP>=$I$4,I10*CAP/$I$4,INDEX($D10:$I10,$D$3)+$E$3*(INDEX($D10:$I10,$D$3+1)-INDEX($D10:$I10,$D$3))))
A11: 7 | B11: فني | C11: فني علاج طبيعي | D11: 4 | E11: 4 | F11: 6 | G11: 6 | H11: 8 | I11: 8 | J11: =IF(RMODE="تقريب لأعلى",ROUNDUP(O11,0),ROUND(O11,0)) | L11: =K11-J11 | M11: =IF(J11=0,"",K11/J11) | N11: =IF(J11=0,"لا ينطبق",IF(K11>=J11,"مكتمل",IF(K11=0,"لا يوجد","عجز"))) | O11: =IF(CAP<=$D$4,D11*CAP/$D$4,IF(CAP>=$I$4,I11*CAP/$I$4,INDEX($D11:$I11,$D$3)+$E$3*(INDEX($D11:$I11,$D$3+1)-INDEX($D11:$I11,$D$3))))
A12: 8 | B12: فني | C12: فني علاج وظيفي | D12: 0 | E12: 0 | F12: 1 | G12: 2 | H12: 3 | I12: 4 | J12: =IF(RMODE="تقريب لأعلى",ROUNDUP(O12,0),ROUND(O12,0)) | L12: =K12-J12 | M12: =IF(J12=0,"",K12/J12) | N12: =IF(J12=0,"لا ينطبق",IF(K12>=J12,"مكتمل",IF(K12=0,"لا يوجد","عجز"))) | O12: =IF(CAP<=$D$4,D12*CAP/$D$4,IF(CAP>=$I$4,I12*CAP/$I$4,INDEX($D12:$I12,$D$3)+$E$3*(INDEX($D12:$I12,$D$3+1)-INDEX($D12:$I12,$D$3))))
A13: 9 | B13: فني | C13: فني معالجة نطق وتخاطب | D13: 0 | E13: 0 | F13: 0 | G13: 2 | H13: 3 | I13: 4 | J13: =IF(RMODE="تقريب لأعلى",ROUNDUP(O13,0),ROUND(O13,0)) | L13: =K13-J13 | M13: =IF(J13=0,"",K13/J13) | N13: =IF(J13=0,"لا ينطبق",IF(K13>=J13,"مكتمل",IF(K13=0,"لا يوجد","عجز"))) | O13: =IF(CAP<=$D$4,D13*CAP/$D$4,IF(CAP>=$I$4,I13*CAP/$I$4,INDEX($D13:$I13,$D$3)+$E$3*(INDEX($D13:$I13,$D$3+1)-INDEX($D13:$I13,$D$3))))
A14: 10 | B14: فني | C14: فني معالجة سمع | D14: 0 | E14: 0 | F14: 0 | G14: 2 | H14: 3 | I14: 4 | J14: =IF(RMODE="تقريب لأعلى",ROUNDUP(O14,0),ROUND(O14,0)) | L14: =K14-J14 | M14: =IF(J14=0,"",K14/J14) | N14: =IF(J14=0,"لا ينطبق",IF(K14>=J14,"مكتمل",IF(K14=0,"لا يوجد","عجز"))) | O14: =IF(CAP<=$D$4,D14*CAP/$D$4,IF(CAP>=$I$4,I14*CAP/$I$4,INDEX($D14:$I14,$D$3)+$E$3*(INDEX($D14:$I14,$D$3+1)-INDEX($D14:$I14,$D$3))))
A15: 11 | B15: فني | C15: فني أطراف صناعية | D15: 0 | E15: 0 | F15: 0 | G15: 1 | H15: 2 | I15: 3 | J15: =IF(RMODE="تقريب لأعلى",ROUNDUP(O15,0),ROUND(O15,0)) | L15: =K15-J15 | M15: =IF(J15=0,"",K15/J15) | N15: =IF(J15=0,"لا ينطبق",IF(K15>=J15,"مكتمل",IF(K15=0,"لا يوجد","عجز"))) | O15: =IF(CAP<=$D$4,D15*CAP/$D$4,IF(CAP>=$I$4,I15*CAP/$I$4,INDEX($D15:$I15,$D$3)+$E$3*(INDEX($D15:$I15,$D$3+1)-INDEX($D15:$I15,$D$3))))
A16: 12 | B16: فني | C16: فني تثقيف صحي | D16: 2 | E16: 2 | F16: 2 | G16: 3 | H16: 4 | I16: 4 | J16: =IF(RMODE="تقريب لأعلى",ROUNDUP(O16,0),ROUND(O16,0)) | L16: =K16-J16 | M16: =IF(J16=0,"",K16/J16) | N16: =IF(J16=0,"لا ينطبق",IF(K16>=J16,"مكتمل",IF(K16=0,"لا يوجد","عجز"))) | O16: =IF(CAP<=$D$4,D16*CAP/$D$4,IF(CAP>=$I$4,I16*CAP/$I$4,INDEX($D16:$I16,$D$3)+$E$3*(INDEX($D16:$I16,$D$3+1)-INDEX($D16:$I16,$D$3))))
... A18: 14 | B18: فني | C18: فني مساعد طبيب أسنان | D18: 2 | E18: 2 | F18: 2 | G18: 3 | H18: 3 | I18: 3 | J18: =IF(RMODE="تقريب لأعلى",ROUNDUP(O18,0),ROUND(O18,0)) | L18: =K18-J18 | M18: =IF(J18=0,"",K18/J18) | N18: =IF(J18=0,"لا ينطبق",IF(K18>=J18,"مكتمل",IF(K18=0,"لا يوجد","عجز"))) | O18: =IF(CAP<=$D$4,D18*CAP/$D$4,IF(CAP>=$I$4,I18*CAP/$I$4,INDEX($D18:$I18,$D$3)+$E$3*(INDEX($D18:$I18,$D$3+1)-INDEX($D18:$I18,$D$3))))
A19: 15 | B19: تمريض | C19: فني تمريض 30% | D19: 87 | E19: 135 | F19: 186 | G19: 288 | H19: 396 | I19: 504 | J19: =IF(RMODE="تقريب لأعلى",ROUNDUP(O19,0),ROUND(O19,0)) | L19: =K19-J19 | M19: =IF(J19=0,"",K19/J19) | N19: =IF(J19=0,"لا ينطبق",IF(K19>=J19,"مكتمل",IF(K19=0,"لا يوجد","عجز"))) | O19: =IF(CAP<=$D$4,D19*CAP/$D$4,IF(CAP>=$I$4,I19*CAP/$I$4,INDEX($D19:$I19,$D$3)+$E$3*(INDEX($D19:$I19,$D$3+1)-INDEX($D19:$I19,$D$3)))) | P19: إيضاح 11
A20: 16 | B20: قبالة | C20: فني قبالة 30% | D20: 2 | E20: 3 | F20: 4 | G20: 12 | H20: 6 | I20: 10 | J20: =IF(RMODE="تقريب لأعلى",ROUNDUP(O20,0),ROUND(O20,0)) | L20: =K20-J20 | M20: =IF(J20=0,"",K20/J20) | N20: =IF(J20=0,"لا ينطبق",IF(K20>=J20,"مكتمل",IF(K20=0,"لا يوجد","عجز"))) | O20: =IF(CAP<=$D$4,D20*CAP/$D$4,IF(CAP>=$I$4,I20*CAP/$I$4,INDEX($D20:$I20,$D$3)+$E$3*(INDEX($D20:$I20,$D$3+1)-INDEX($D20:$I20,$D$3)))) | P20: إيضاح 11 — القيمة عند 300 سرير (12) واردة كما هي في الدليل وتخالف تدرج بقية الشرائح
A21: 17 | B21: فني | C21: فني عمليات | D21: 10 | E21: 10 | F21: 15 | G21: 20 | H21: 25 | I21: 30 | J21: =IF(RMODE="تقريب لأعلى",ROUNDUP(O21,0),ROUND(O21,0)) | L21: =K21-J21 | M21: =IF(J21=0,"",K21/J21) | N21: =IF(J21=0,"لا ينطبق",IF(K21>=J21,"مكتمل",IF(K21=0,"لا يوجد","عجز"))) | O21: =IF(CAP<=$D$4,D21*CAP/$D$4,IF(CAP>=$I$4,I21*CAP/$I$4,INDEX($D21:$I21,$D$3)+$E$3*(INDEX($D21:$I21,$D$3+1)-INDEX($D21:$I21,$D$3))))
A22: 18 | B22: فني | C22: فني تعقيم | D22: 4 | E22: 6 | F22: 8 | G22: 10 | H22: 12 | I22: 15 | J22: =IF(RMODE="تقريب لأعلى",ROUNDUP(O22,0),ROUND(O22,0)) | L22: =K22-J22 | M22: =IF(J22=0,"",K22/J22) | N22: =IF(J22=0,"لا ينطبق",IF(K22>=J22,"مكتمل",IF(K22=0,"لا يوجد","عجز"))) | O22: =IF(CAP<=$D$4,D22*CAP/$D$4,IF(CAP>=$I$4,I22*CAP/$I$4,INDEX($D22:$I22,$D$3)+$E$3*(INDEX($D22:$I22,$D$3+1)-INDEX($D22:$I22,$D$3))))
A23: 19 | B23: فني | C23: فني جبائر | D23: 2 | E23: 2 | F23: 2 | G23: 4 | H23: 4 | I23: 4 | J23: =IF(RMODE="تقريب لأعلى",ROUNDUP(O23,0),ROUND(O23,0)) | L23: =K23-J23 | M23: =IF(J23=0,"",K23/J23) | N23: =IF(J23=0,"لا ينطبق",IF(K23>=J23,"مكتمل",IF(K23=0,"لا يوجد","عجز"))) | O23: =IF(CAP<=$D$4,D23*CAP/$D$4,IF(CAP>=$I$4,I23*CAP/$I$4,INDEX($D23:$I23,$D$3)+$E$3*(INDEX($D23:$I23,$D$3+1)-INDEX($D23:$I23,$D$3))))
A24: 20 | B24: فني | C24: فني علاج تنفسي | D24: 4 | E24: 6 | F24: 8 | G24: 10 | H24: 12 | I24: 18 | J24: =IF(RMODE="تقريب لأعلى",ROUNDUP(O24,0),ROUND(O24,0)) | L24: =K24-J24 | M24: =IF(J24=0,"",K24/J24) | N24: =IF(J24=0,"لا ينطبق",IF(K24>=J24,"مكتمل",IF(K24=0,"لا يوجد","عجز"))) | O24: =IF(CAP<=$D$4,D24*CAP/$D$4,IF(CAP>=$I$4,I24*CAP/$I$4,INDEX($D24:$I24,$D$3)+$E$3*(INDEX($D24:$I24,$D$3+1)-INDEX($D24:$I24,$D$3)))) | P24: إيضاح 22
A25: 21 | B25: فني | C25: فني بصريات | D25: 1 | E25: 2 | F25: 3 | G25: 4 | H25: 7 | I25: 9 | J25: =IF(RMODE="تقريب لأعلى",ROUNDUP(O25,0),ROUND(O25,0)) | L25: =K25-J25 | M25: =IF(J25=0,"",K25/J25) | N25: =IF(J25=0,"لا ينطبق",IF(K25>=J25,"مكتمل",IF(K25=0,"لا يوجد","عجز"))) | O25: =IF(CAP<=$D$4,D25*CAP/$D$4,IF(CAP>=$I$4,I25*CAP/$I$4,INDEX($D25:$I25,$D$3)+$E$3*(INDEX($D25:$I25,$D$3+1)-INDEX($D25:$I25,$D$3))))
A26: 22 | B26: فني | C26: فني أجهزة طبية | D26: 2 | E26: 3 | F26: 3 | G26: 3 | H26: 5 | I26: 6 | J26: =IF(RMODE="تقريب لأعلى",ROUNDUP(O26,0),ROUND(O26,0)) | L26: =K26-J26 | M26: =IF(J26=0,"",K26/J26) | N26: =IF(J26=0,"لا ينطبق",IF(K26>=J26,"مكتمل",IF(K26=0,"لا يوجد","عجز"))) | O26: =IF(CAP<=$D$4,D26*CAP/$D$4,IF(CAP>=$I$4,I26*CAP/$I$4,INDEX($D26:$I26,$D$3)+$E$3*(INDEX($D26:$I26,$D$3+1)-INDEX($D26:$I26,$D$3))))
A27: 23 | B27: فني | C27: فني أجهزة الليزر | D27: 1 | E27: 1 | F27: 1 | G27: 2 | H27: 2 | I27: 2 | J27: =IF(RMODE="تقريب لأعلى",ROUNDUP(O27,0),ROUND(O27,0)) | L27: =K27-J27 | M27: =IF(J27=0,"",K27/J27) | N27: =IF(J27=0,"لا ينطبق",IF(K27>=J27,"مكتمل",IF(K27=0,"لا يوجد","عجز"))) | O27: =IF(CAP<=$D$4,D27*CAP/$D$4,IF(CAP>=$I$4,I27*CAP/$I$4,INDEX($D27:$I27,$D$3)+$E$3*(INDEX($D27:$I27,$D$3+1)-INDEX($D27:$I27,$D$3))))
A28: 24 | B28: فني | C28: سكرتير طبي | D28: 15 | E28: 20 | F28: 25 | G28: 25 | H28: 30 | I28: 30 | J28: =IF(RMODE="تقريب لأعلى",ROUNDUP(O28,0),ROUND(O28,0)) | L28: =K28-J28 | M28: =IF(J28=0,"",K28/J28) | N28: =IF(J28=0,"لا ينطبق",IF(K28>=J28,"مكتمل",IF(K28=0,"لا يوجد","عجز"))) | O28: =IF(CAP<=$D$4,D28*CAP/$D$4,IF(CAP>=$I$4,I28*CAP/$I$4,INDEX($D28:$I28,$D$3)+$E$3*(INDEX($D28:$I28,$D$3+1)-INDEX($D28:$I28,$D$3))))
A29: 25 | B29: فني | C29: فني معلوماتية صحية | D29: 8 | E29: 12 | F29: 12 | G29: 15 | H29: 20 | I29: 25 | J29: =IF(RMODE="تقريب لأعلى",ROUNDUP(O29,0),ROUND(O29,0)) | L29: =K29-J29 | M29: =IF(J29=0,"",K29/J29) | N29: =IF(J29=0,"لا ينطبق",IF(K29>=J29,"مكتمل",IF(K29=0,"لا يوجد","عجز"))) | O29: =IF(CAP<=$D$4,D29*CAP/$D$4,IF(CAP>=$I$4,I29*CAP/$I$4,INDEX($D29:$I29,$D$3)+$E$3*(INDEX($D29:$I29,$D$3+1)-INDEX($D29:$I29,$D$3))))
A30: 26 | B30: فني | C30: فني صحة عامة | D30: 1 | E30: 2 | F30: 3 | G30: 4 | H30: 5 | I30: 6 | J30: =IF(RMODE="تقريب لأعلى",ROUNDUP(O30,0),ROUND(O30,0)) | L30: =K30-J30 | M30: =IF(J30=0,"",K30/J30) | N30: =IF(J30=0,"لا ينطبق",IF(K30>=J30,"مكتمل",IF(K30=0,"لا يوجد","عجز"))) | O30: =IF(CAP<=$D$4,D30*CAP/$D$4,IF(CAP>=$I$4,I30*CAP/$I$4,INDEX($D30:$I30,$D$3)+$E$3*(INDEX($D30:$I30,$D$3+1)-INDEX($D30:$I30,$D$3))))
A31: 27 | B31: فني | C31: فني وبائيات | D31: 1 | E31: 1 | F31: 1 | G31: 2 | H31: 2 | I31: 3 | J31: =IF(RMODE="تقريب لأعلى",ROUNDUP(O31,0),ROUND(O31,0)) | L31: =K31-J31 | M31: =IF(J31=0,"",K31/J31) | N31: =IF(J31=0,"لا ينطبق",IF(K31>=J31,"مكتمل",IF(K31=0,"لا يوجد","عجز"))) | O31: =IF(CAP<=$D$4,D31*CAP/$D$4,IF(CAP>=$I$4,I31*CAP/$I$4,INDEX($D31:$I31,$D$3)+$E$3*(INDEX($D31:$I31,$D$3+1)-INDEX($D31:$I31,$D$3))))
A32: 28 | B32: فني | C32: فني تغذية | D32: 2 | E32: 3 | F32: 4 | G32: 6 | H32: 8 | I32: 10 | J32: =IF(RMODE="تقريب لأعلى",ROUNDUP(O32,0),ROUND(O32,0)) | L32: =K32-J32 | M32: =IF(J32=0,"",K32/J32) | N32: =IF(J32=0,"لا ينطبق",IF(K32>=J32,"مكتمل",IF(K32=0,"لا يوجد","عجز"))) | O32: =IF(CAP<=$D$4,D32*CAP/$D$4,IF(CAP>=$I$4,I32*CAP/$I$4,INDEX($D32:$I32,$D$3)+$E$3*(INDEX($D32:$I32,$D$3+1)-INDEX($D32:$I32,$D$3))))
A33: 29 | B33: فني | C33: فني ترميز طبي | D33: 2 | E33: 3 | F33: 3 | G33: 3 | H33: 4 | I33: 4 | J33: =IF(RMODE="تقريب لأعلى",ROUNDUP(O33,0),ROUND(O33,0)) | L33: =K33-J33 | M33: =IF(J33=0,"",K33/J33) | N33: =IF(J33=0,"لا ينطبق",IF(K33>=J33,"مكتمل",IF(K33=0,"لا يوجد","عجز"))) | O33: =IF(CAP<=$D$4,D33*CAP/$D$4,IF(CAP>=$I$4,I33*CAP/$I$4,INDEX($D33:$I33,$D$3)+$E$3*(INDEX($D33:$I33,$D$3+1)-INDEX($D33:$I33,$D$3))))
C34: المجموع (محسوب من الجدول) | D34: =SUM(D5:D33) | E34: =SUM(E5:E33) | F34: =SUM(F5:F33) | G34: =SUM(G5:G33) | H34: =SUM(H5:H33) | I34: =SUM(I5:I33) | J34: =SUM(J5:J33) | K34: =SUM(K5:K33) | L34: =SUM(L5:L33) | M34: =IF(J34=0,"",K34/J34) | O34: =SUM(O5:O33)
C35: المجموع المنشور في الدليل | D35: 186 | E35: 270 | F35: 355 | G35: 510 | H35: 680 | I35: 844
C36: الفرق (محسوب − منشور) | D36: =D34-D35 | E36: =E34-E35 | F36: =F34-F35 | G36: =G34-G35 | H36: =H34-H35 | I36: =I34-I35 | J36: الفرق = صف «فني ترميز طبي» الوارد في جدول الدليل دون رقم تسلسلي وغير مُدرج في مجموعه المنشور.

Sheet ولادة - الصيادلة
A1: ولادة - الصيادلة
A2: الملحق (2) — الصيادلة (صفحة 53)
C3: معاملا الاستيفاء ◄ | D3: =IFERROR(MATCH(CAP,$D$4:$I$4,1),1) | E3: =IF(OR(CAP<=$D$4,CAP>=$I$4),0,(CAP-INDEX($D$4:$I$4,$D$3))/(INDEX($D$4:$I$4,$D$3+1)-INDEX($D$4:$I$4,$D$3)))
A4: م | B4: الفئة | C4: المسمى الوظيفي | D4: 100 | E4: 150 | F4: 200 | G4: 300 | H4: 400 | I4: 500 | J4: الاحتياج للسعة المدخلة | K4: الموجود فعلياً | L4: الفجوة (+فائض / -عجز) | M4: نسبة التغطية | N4: الحالة | O4: القيمة قبل التقريب | P4: ملاحظات
A5: 1 | B5: صيدلي | C5: صيدلي استشاري إكلينيكي | D5: 4 | E5: 6 | F5: 8 | G5: 12 | H5: 16 | I5: 20 | J5: =IF(RMODE="تقريب لأعلى",ROUNDUP(O5,0),ROUND(O5,0)) | L5: =K5-J5 | M5: =IF(J5=0,"",K5/J5) | N5: =IF(J5=0,"لا ينطبق",IF(K5>=J5,"مكتمل",IF(K5=0,"لا يوجد","عجز"))) | O5: =IF(CAP<=$D$4,D5*CAP/$D$4,IF(CAP>=$I$4,I5*CAP/$I$4,INDEX($D5:$I5,$D$3)+$E$3*(INDEX($D5:$I5,$D$3+1)-INDEX($D5:$I5,$D$3))))
A6: 2 | B6: صيدلي | C6: صيدلي أول إكلينيكي | D6: 7 | E6: 11 | F6: 15 | G6: 22 | H6: 30 | I6: 37 | J6: =IF(RMODE="تقريب لأعلى",ROUNDUP(O6,0),ROUND(O6,0)) | L6: =K6-J6 | M6: =IF(J6=0,"",K6/J6) | N6: =IF(J6=0,"لا ينطبق",IF(K6>=J6,"مكتمل",IF(K6=0,"لا يوجد","عجز"))) | O6: =IF(CAP<=$D$4,D6*CAP/$D$4,IF(CAP>=$I$4,I6*CAP/$I$4,INDEX($D6:$I6,$D$3)+$E$3*(INDEX($D6:$I6,$D$3+1)-INDEX($D6:$I6,$D$3))))
A7: 3 | B7: صيدلي | C7: صيدلي إكلينيكي | D7: 0 | E7: 0 | F7: 0 | G7: 0 | H7: 0 | I7: 0 | J7: =IF(RMODE="تقريب لأعلى",ROUNDUP(O7,0),ROUND(O7,0)) | L7: =K7-J7 | M7: =IF(J7=0,"",K7/J7) | N7: =IF(J7=0,"لا ينطبق",IF(K7>=J7,"مكتمل",IF(K7=0,"لا يوجد","عجز"))) | O7: =IF(CAP<=$D$4,D7*CAP/$D$4,IF(CAP>=$I$4,I7*CAP/$I$4,INDEX($D7:$I7,$D$3)+$E$3*(INDEX($D7:$I7,$D$3+1)-INDEX($D7:$I7,$D$3)))) | P7: وارد في الدليل بقيم صفرية
A8: 4 | B8: صيدلي | C8: صيدلي استشاري | D8: 1 | E8: 1 | F8: 1 | G8: 1 | H8: 1 | I8: 1 | J8: =IF(RMODE="تقريب لأعلى",ROUNDUP(O8,0),ROUND(O8,0)) | L8: =K8-J8 | M8: =IF(J8=0,"",K8/J8) | N8: =IF(J8=0,"لا ينطبق",IF(K8>=J8,"مكتمل",IF(K8=0,"لا يوجد","عجز"))) | O8: =IF(CAP<=$D$4,D8*CAP/$D$4,IF(CAP>=$I$4,I8*CAP/$I$4,INDEX($D8:$I8,$D$3)+$E$3*(INDEX($D8:$I8,$D$3+1)-INDEX($D8:$I8,$D$3))))
A9: 5 | B9: صيدلي | C9: صيدلي أول | D9: 2 | E9: 2 | F9: 2 | G9: 2 | H9: 2 | I9: 2 | J9: =IF(RMODE="تقريب لأعلى",ROUNDUP(O9,0),ROUND(O9,0)) | L9: =K9-J9 | M9: =IF(J9=0,"",K9/J9) | N9: =IF(J9=0,"لا ينطبق",IF(K9>=J9,"مكتمل",IF(K9=0,"لا يوجد","عجز"))) | O9: =IF(CAP<=$D$4,D9*CAP/$D$4,IF(CAP>=$I$4,I9*CAP/$I$4,INDEX($D9:$I9,$D$3)+$E$3*(INDEX($D9:$I9,$D$3+1)-INDEX($D9:$I9,$D$3))))
A10: 6 | B10: صيدلي | C10: صيدلي | D10: 25 | E10: 37 | F10: 50 | G10: 75 | H10: 100 | I10: 125 | J10: =IF(RMODE="تقريب لأعلى",ROUNDUP(O10,0),ROUND(O10,0)) | L10: =K10-J10 | M10: =IF(J10=0,"",K10/J10) | N10: =IF(J10=0,"لا ينطبق",IF(K10>=J10,"مكتمل",IF(K10=0,"لا يوجد","عجز"))) | O10: =IF(CAP<=$D$4,D10*CAP/$D$4,IF(CAP>=$I$4,I10*CAP/$I$4,INDEX($D10:$I10,$D$3)+$E$3*(INDEX($D10:$I10,$D$3+1)-INDEX($D10:$I10,$D$3))))
A11: 7 | B11: صيدلي | C11: مساعد صيدلي | D11: 30 | E11: 45 | F11: 60 | G11: 90 | H11: 120 | I11: 150 | J11: =IF(RMODE="تقريب لأعلى",ROUNDUP(O11,0),ROUND(O11,0)) | L11: =K11-J11 | M11: =IF(J11=0,"",K11/J11) | N11: =IF(J11=0,"لا ينطبق",IF(K11>=J11,"مكتمل",IF(K11=0,"لا يوجد","عجز"))) | O11: =IF(CAP<=$D$4,D11*CAP/$D$4,IF(CAP>=$I$4,I11*CAP/$I$4,INDEX($D11:$I11,$D$3)+$E$3*(INDEX($D11:$I11,$D$3+1)-INDEX($D11:$I11,$D$3))))
C12: المجموع (محسوب من الجدول) | D12: =SUM(D5:D11) | E12: =SUM(E5:E11) | F12: =SUM(F5:F11) | G12: =SUM(G5:G11) | H12: =SUM(H5:H11) | I12: =SUM(I5:I11) | J12: =SUM(J5:J11) | K12: =SUM(K5:K11) | L12: =SUM(L5:L11) | M12: =IF(J12=0,"",K12/J12) | O12: =SUM(O5:O11)
C13: المجموع المنشور في الدليل | D13: 69 | E13: 102 | F13: 136 | G13: 202 | H13: 269 | I13: 335
C14: الفرق (محسوب − منشور) | D14: =D12-D13 | E14: =E12-E13 | F14: =F12-F13 | G14: =G12-G13 | H14: =H12-H13 | I14: =I12-I13

Sheet ولادة - الإداريون
A1: ولادة - الإداريون
A2: الملحق (2) — الإداريون (صفحات 53-54)
C3: معاملا الاستيفاء ◄ | D3: =IFERROR(MATCH(CAP,$D$4:$I$4,1),1) | E3: =IF(OR(CAP<=$D$4,CAP>=$I$4),0,(CAP-INDEX($D$4:$I$4,$D$3))/(INDEX($D$4:$I$4,$D$3+1)-INDEX($D$4:$I$4,$D$3)))
A4: م | B4: الفئة | C4: المسمى الوظيفي | D4: 100 | E4: 150 | F4: 200 | G4: 300 | H4: 400 | I4: 500 | J4: الاحتياج للسعة المدخلة | K4: الموجود فعلياً | L4: الفجوة (+فائض / -عجز) | M4: نسبة التغطية | N4: الحالة | O4: القيمة قبل التقريب | P4: ملاحظات
A5: 1 | B5: إداري | C5: سكرتير | D5: 1 | E5: 1 | F5: 1 | G5: 1 | H5: 12 | I5: 14 | J5: =IF(RMODE="تقريب لأعلى",ROUNDUP(O5,0),ROUND(O5,0)) | L5: =K5-J5 | M5: =IF(J5=0,"",K5/J5) | N5: =IF(J5=0,"لا ينطبق",IF(K5>=J5,"مكتمل",IF(K5=0,"لا يوجد","عجز"))) | O5: =IF(CAP<=$D$4,D5*CAP/$D$4,IF(CAP>=$I$4,I5*CAP/$I$4,INDEX($D5:$I5,$D$3)+$E$3*(INDEX($D5:$I5,$D$3+1)-INDEX($D5:$I5,$D$3))))
A6: 2 | B6: إداري | C6: مندوب مشتريات | D6: 2 | E6: 2 | F6: 2 | G6: 2 | H6: 3 | I6: 4 | J6: =IF(RMODE="تقريب لأعلى",ROUNDUP(O6,0),ROUND(O6,0)) | L6: =K6-J6 | M6: =IF(J6=0,"",K6/J6) | N6: =IF(J6=0,"لا ينطبق",IF(K6>=J6,"مكتمل",IF(K6=0,"لا يوجد","عجز"))) | O6: =IF(CAP<=$D$4,D6*CAP/$D$4,IF(CAP>=$I$4,I6*CAP/$I$4,INDEX($D6:$I6,$D$3)+$E$3*(INDEX($D6:$I6,$D$3+1)-INDEX($D6:$I6,$D$3))))
A7: 3 | B7: إداري | C7: أمين صندوق | D7: 1 | E7: 1 | F7: 1 | G7: 1 | H7: 1 | I7: 1 | J7: =IF(RMODE="تقريب لأعلى",ROUNDUP(O7,0),ROUND(O7,0)) | L7: =K7-J7 | M7: =IF(J7=0,"",K7/J7) | N7: =IF(J7=0,"لا ينطبق",IF(K7>=J7,"مكتمل",IF(K7=0,"لا يوجد","عجز"))) | O7: =IF(CAP<=$D$4,D7*CAP/$D$4,IF(CAP>=$I$4,I7*CAP/$I$4,INDEX($D7:$I7,$D$3)+$E$3*(INDEX($D7:$I7,$D$3+1)-INDEX($D7:$I7,$D$3))))
A8: 4 | B8: إداري | C8: مساعد إداري * | D8: 2 | E8: 2 | F8: 3 | G8: 3 | H8: 4 | I8: 4 | J8: =IF(RMODE="تقريب لأعلى",ROUNDUP(O8,0),ROUND(O8,0)) | L8: =K8-J8 | M8: =IF(J8=0,"",K8/J8) | N8: =IF(J8=0,"لا ينطبق",IF(K8>=J8,"مكتمل",IF(K8=0,"لا يوجد","عجز"))) | O8: =IF(CAP<=$D$4,D8*CAP/$D$4,IF(CAP>=$I$4,I8*CAP/$I$4,INDEX($D8:$I8,$D$3)+$E$3*(INDEX($D8:$I8,$D$3+1)-INDEX($D8:$I8,$D$3)))) | P8: * يشمل (كاتب، كاتب جناح، ومشغل حاسب آلي) — إيضاح 32
A9: 5 | B9: إداري | C9: أمين مستودع | D9: 2 | E9: 2 | F9: 3 | G9: 4 | H9: 6 | I9: 6 | J9: =IF(RMODE="تقريب لأعلى",ROUNDUP(O9,0),ROUND(O9,0)) | L9: =K9-J9 | M9: =IF(J9=0,"",K9/J9) | N9: =IF(J9=0,"لا ينطبق",IF(K9>=J9,"مكتمل",IF(K9=0,"لا يوجد","عجز"))) | O9: =IF(CAP<=$D$4,D9*CAP/$D$4,IF(CAP>=$I$4,I9*CAP/$I$4,INDEX($D9:$I9,$D$3)+$E$3*(INDEX($D9:$I9,$D$3+1)-INDEX($D9:$I9,$D$3))))
A10: 6 | B10: إداري | C10: فني إحصاء طبي | D10: 3 | E10: 4 | F10: 4 | G10: 4 | H10: 6 | I10: 8 | J10: =IF(RMODE="تقريب لأعلى",ROUNDUP(O10,0),ROUND(O10,0)) | L10: =K10-J10 | M10: =IF(J10=0,"",K10/J10) | N10: =IF(J10=0,"لا ينطبق",IF(K10>=J10,"مكتمل",IF(K10=0,"لا يوجد","عجز"))) | O10: =IF(CAP<=$D$4,D10*CAP/$D$4,IF(CAP>=$I$4,I10*CAP/$I$4,INDEX($D10:$I10,$D$3)+$E$3*(INDEX($D10:$I10,$D$3+1)-INDEX($D10:$I10,$D$3))))
A11: 7 | B11: إداري | C11: مدير مالي | D11: 1 | E11: 1 | F11: 1 | G11: 1 | H11: 1 | I11: 2 | J11: =IF(RMODE="تقريب لأعلى",ROUNDUP(O11,0),ROUND(O11,0)) | L11: =K11-J11 | M11: =IF(J11=0,"",K11/J11) | N11: =IF(J11=0,"لا ينطبق",IF(K11>=J11,"مكتمل",IF(K11=0,"لا يوجد","عجز"))) | O11: =IF(CAP<=$D$4,D11*CAP/$D$4,IF(CAP>=$I$4,I11*CAP/$I$4,INDEX($D11:$I11,$D$3)+$E$3*(INDEX($D11:$I11,$D$3+1)-INDEX($D11:$I11,$D$3))))
A12: 8 | B12: إداري | C12: مدير حسابات | D12: 1 | E12: 1 | F12: 1 | G12: 1 | H12: 2 | I12: 2 | J12: =IF(RMODE="تقريب لأعلى",ROUNDUP(O12,0),ROUND(O12,0)) | L12: =K12-J12 | M12: =IF(J12=0,"",K12/J12) | N12: =IF(J12=0,"لا ينطبق",IF(K12>=J12,"مكتمل",IF(K12=0,"لا يوجد","عجز"))) | O12: =IF(CAP<=$D$4,D12*CAP/$D$4,IF(CAP>=$I$4,I12*CAP/$I$4,INDEX($D12:$I12,$D$3)+$E$3*(INDEX($D12:$I12,$D$3+1)-INDEX($D12:$I12,$D$3))))
A13: 9 | B13: إداري | C13: محاسب | D13: 1 | E13: 1 | F13: 1 | G13: 1 | H13: 1 | I13: 1 | J13: =IF(RMODE="تقريب لأعلى",ROUNDUP(O13,0),ROUND(O13,0)) | L13: =K13-J13 | M13: =IF(J13=0,"",K13/J13) | N13: =IF(J13=0,"لا ينطبق",IF(K13>=J13,"مكتمل",IF(K13=0,"لا يوجد","عجز"))) | O13: =IF(CAP<=$D$4,D13*CAP/$D$4,IF(CAP>=$I$4,I13*CAP/$I$4,INDEX($D13:$I13,$D$3)+$E$3*(INDEX($D13:$I13,$D$3+1)-INDEX($D13:$I13,$D$3))))
A14: 10 | B14: إداري | C14: محاسب مساعد | D14: 2 | E14: 2 | F14: 3 | G14: 3 | H14: 4 | I14: 4 | J14: =IF(RMODE="تقريب لأعلى",ROUNDUP(O14,0),ROUND(O14,0)) | L14: =K14-J14 | M14: =IF(J14=0,"",K14/J14) | N14: =IF(J14=0,"لا ينطبق",IF(K14>=J14,"مكتمل",IF(K14=0,"لا يوجد","عجز"))) | O14: =IF(CAP<=$D$4,D14*CAP/$D$4,IF(CAP>=$I$4,I14*CAP/$I$4,INDEX($D14:$I14,$D$3)+$E$3*(INDEX($D14:$I14,$D$3+1)-INDEX($D14:$I14,$D$3))))
A15: 11 | B15: إداري | C15: مساعد حسابات | D15: 2 | E15: 2 | F15: 3 | G15: 3 | H15: 4 | I15: 4 | J15: =IF(RMODE="تقريب لأعلى",ROUNDUP(O15,0),ROUND(O15,0)) | L15: =K15-J15 | M15: =IF(J15=0,"",K15/J15) | N15: =IF(J15=0,"لا ينطبق",IF(K15>=J15,"مكتمل",IF(K15=0,"لا يوجد","عجز"))) | O15: =IF(CAP<=$D$4,D15*CAP/$D$4,IF(CAP>=$I$4,I15*CAP/$I$4,INDEX($D15:$I15,$D$3)+$E$3*(INDEX($D15:$I15,$D$3+1)-INDEX($D15:$I15,$D$3))))
A16: 12 | B16: إداري | C16: أخصائي مشتريات | D16: 1 | E16: 1 | F16: 1 | G16: 1 | H16: 3 | I16: 3 | J16: =IF(RMODE="تقريب لأعلى",ROUNDUP(O16,0),ROUND(O16,0)) | L16: =K16-J16 | M16: =IF(J16=0,"",K16/J16) | N16: =IF(J16=0,"لا ينطبق",IF(K16>=J16,"مكتمل",IF(K16=0,"لا يوجد","عجز"))) | O16: =IF(CAP<=$D$4,D16*CAP/$D$4,IF(CAP>=$I$4,I16*CAP/$I$4,INDEX($D16:$I16,$D$3)+$E$3*(INDEX($D16:$I16,$D$3+1)-INDEX($D16:$I16,$D$3))))
A17: 13 | B17: إداري | C17: موظف صندوق محاسبة | D17: 1 | E17: 1 | F17: 2 | G17: 2 | H17: 2 | I17: 3 | J17: =IF(RMODE="تقريب لأعلى",ROUNDUP(O17,0),ROUND(O17,0)) | L17: =K17-J17 | M17: =IF(J17=0,"",K17/J17) | N17: =IF(J17=0,"لا ينطبق",IF(K17>=J17,"مكتمل",IF(K17=0,"لا يوجد","عجز"))) | O17: =IF(CAP<=$D$4,D17*CAP/$D$4,IF(CAP>=$I$4,I17*CAP/$I$4,INDEX($D17:$I17,$D$3)+$E$3*(INDEX($D17:$I17,$D$3+1)-INDEX($D17:$I17,$D$3))))
A18: 14 | B18: إداري | C18: أخصائي موازنة مالية | D18: 1 | E18: 1 | F18: 2 | G18: 2 | H18: 2 | I18: 2 | J18: =IF(RMODE="تقريب لأعلى",ROUNDUP(O18,0),ROUND(O18,0)) | L18: =K18-J18 | M18: =IF(J18=0,"",K18/J18) | N18: =IF(J18=0,"لا ينطبق",IF(K18>=J18,"مكتمل",IF(K18=0,"لا يوجد","عجز"))) | O18: =IF(CAP<=$D$4,D18*CAP/$D$4,IF(CAP>=$I$4,I18*CAP/$I$4,INDEX($D18:$I18,$D$3)+$E$3*(INDEX($D18:$I18,$D$3+1)-INDEX($D18:$I18,$D$3))))
A19: 15 | B19: إداري | C19: أخصائي تخطيط مالي | D19: 1 | E19: 1 | F19: 1 | G19: 1 | H19: 2 | I19: 2 | J19: =IF(RMODE="تقريب لأعلى",ROUNDUP(O19,0),ROUND(O19,0)) | L19: =K19-J19 | M19: =IF(J19=0,"",K19/J19) | N19: =IF(J19=0,"لا ينطبق",IF(K19>=J19,"مكتمل",IF(K19=0,"لا يوجد","عجز"))) | O19: =IF(CAP<=$D$4,D19*CAP/$D$4,IF(CAP>=$I$4,I19*CAP/$I$4,INDEX($D19:$I19,$D$3)+$E$3*(INDEX($D19:$I19,$D$3+1)-INDEX($D19:$I19,$D$3))))
A20: 16 | B20: إداري | C20: أخصائي إيرادات حكومية | D20: 1 | E20: 1 | F20: 1 | G20: 2 | H20: 2 | I20: 2 | J20: =IF(RMODE="تقريب لأعلى",ROUNDUP(O20,0),ROUND(O20,0)) | L20: =K20-J20 | M20: =IF(J20=0,"",K20/J20) | N20: =IF(J20=0,"لا ينطبق",IF(K20>=J20,"مكتمل",IF(K20=0,"لا يوجد","عجز"))) | O20: =IF(CAP<=$D$4,D20*CAP/$D$4,IF(CAP>=$I$4,I20*CAP/$I$4,INDEX($D20:$I20,$D$3)+$E$3*(INDEX($D20:$I20,$D$3+1)-INDEX($D20:$I20,$D$3))))
... A58: 54 | B58: إداري | C58: فني - مساعد مدير مستشفى | D58: 0 | E58: 0 | F58: 1 | G58: 2 | H58: 2 | I58: 2 | J58: =IF(RMODE="تقريب لأعلى",ROUNDUP(O58,0),ROUND(O58,0)) | L58: =K58-J58 | M58: =IF(J58=0,"",K58/J58) | N58: =IF(J58=0,"لا ينطبق",IF(K58>=J58,"مكتمل",IF(K58=0,"لا يوجد","عجز"))) | O58: =IF(CAP<=$D$4,D58*CAP/$D$4,IF(CAP>=$I$4,I58*CAP/$I$4,INDEX($D58:$I58,$D$3)+$E$3*(INDEX($D58:$I58,$D$3+1)-INDEX($D58:$I58,$D$3))))
C59: المجموع (محسوب من الجدول) | D59: =SUM(D5:D58) | E59: =SUM(E5:E58) | F59: =SUM(F5:F58) | G59: =SUM(G5:G58) | H59: =SUM(H5:H58) | I59: =SUM(I5:I58) | J59: =SUM(J5:J58) | K59: =SUM(K5:K58) | L59: =SUM(L5:L58) | M59: =IF(J59=0,"",K59/J59) | O59: =SUM(O5:O58)
C60: المجموع المنشور في الدليل | D60: 79 | E60: 88 | F60: 109 | G60: 131 | H60: 169 | I60: 189
C61: الفرق (محسوب − منشور) | D61: =D59-D60 | E61: =E59-E60 | F61: =F59-F60 | G61: =G59-G60 | H61: =H59-H60 | I61: =I59-I60

Sheet الصحة النفسية وإرادة
A1: الصحة النفسية وإرادة
A2: الملحق (3) — تفاصيل المعيار المحدّث لمجمعات إرادة والصحة النفسية (صفحات 58-59)
C3: معاملا الاستيفاء ◄ | D3: =IFERROR(MATCH(CAP,$D$4:$I$4,1),1) | E3: =IF(OR(CAP<=$D$4,CAP>=$I$4),0,(CAP-INDEX($D$4:$I$4,$D$3))/(INDEX($D$4:$I$4,$D$3+1)-INDEX($D$4:$I$4,$D$3)))
A4: م | B4: الفئة | C4: المسمى الوظيفي | D4: 50 | E4: 100 | F4: 200 | G4: 300 | H4: 400 | I4: 500 | J4: الاحتياج للسعة المدخلة | K4: الموجود فعلياً | L4: الفجوة (+فائض / -عجز) | M4: نسبة التغطية | N4: الحالة | O4: القيمة قبل التقريب | P4: ملاحظات
A5: 1 | B5: طبيب | C5: طبيب استشاري نفسي / إدمان | D5: 4 | E5: 6 | F5: 9 | G5: 12 | H5: 16 | I5: 22 | J5: =IF(RMODE="تقريب لأعلى",ROUNDUP(O5,0),ROUND(O5,0)) | L5: =K5-J5 | M5: =IF(J5=0,"",K5/J5) | N5: =IF(J5=0,"لا ينطبق",IF(K5>=J5,"مكتمل",IF(K5=0,"لا يوجد","عجز"))) | O5: =IF(CAP<=$D$4,D5*CAP/$D$4,IF(CAP>=$I$4,I5*CAP/$I$4,INDEX($D5:$I5,$D$3)+$E$3*(INDEX($D5:$I5,$D$3+1)-INDEX($D5:$I5,$D$3))))
A6: 2 | B6: طبيب | C6: طبيب استشاري مختبر / أمراض دم | D6: 0 | E6: 0 | F6: 2 | G6: 3 | H6: 4 | I6: 4 | J6: =IF(RMODE="تقريب لأعلى",ROUNDUP(O6,0),ROUND(O6,0)) | L6: =K6-J6 | M6: =IF(J6=0,"",K6/J6) | N6: =IF(J6=0,"لا ينطبق",IF(K6>=J6,"مكتمل",IF(K6=0,"لا يوجد","عجز"))) | O6: =IF(CAP<=$D$4,D6*CAP/$D$4,IF(CAP>=$I$4,I6*CAP/$I$4,INDEX($D6:$I6,$D$3)+$E$3*(INDEX($D6:$I6,$D$3+1)-INDEX($D6:$I6,$D$3))))
A7: 3 | B7: طبيب | C7: طبيب استشاري باطنة | D7: 0 | E7: 0 | F7: 2 | G7: 2 | H7: 2 | I7: 2 | J7: =IF(RMODE="تقريب لأعلى",ROUNDUP(O7,0),ROUND(O7,0)) | L7: =K7-J7 | M7: =IF(J7=0,"",K7/J7) | N7: =IF(J7=0,"لا ينطبق",IF(K7>=J7,"مكتمل",IF(K7=0,"لا يوجد","عجز"))) | O7: =IF(CAP<=$D$4,D7*CAP/$D$4,IF(CAP>=$I$4,I7*CAP/$I$4,INDEX($D7:$I7,$D$3)+$E$3*(INDEX($D7:$I7,$D$3+1)-INDEX($D7:$I7,$D$3))))
A8: 4 | B8: طبيب | C8: طبيب استشاري أخرى (تخدير / أسنان / جلدية ...) | D8: 1 | E8: 2 | F8: 1 | G8: 3 | H8: 3 | I8: 4 | J8: =IF(RMODE="تقريب لأعلى",ROUNDUP(O8,0),ROUND(O8,0)) | L8: =K8-J8 | M8: =IF(J8=0,"",K8/J8) | N8: =IF(J8=0,"لا ينطبق",IF(K8>=J8,"مكتمل",IF(K8=0,"لا يوجد","عجز"))) | O8: =IF(CAP<=$D$4,D8*CAP/$D$4,IF(CAP>=$I$4,I8*CAP/$I$4,INDEX($D8:$I8,$D$3)+$E$3*(INDEX($D8:$I8,$D$3+1)-INDEX($D8:$I8,$D$3))))
A9: 5 | B9: طبيب | C9: طبيب نائب نفسي / إدمان | D9: 7 | E9: 12 | F9: 16 | G9: 20 | H9: 28 | I9: 37 | J9: =IF(RMODE="تقريب لأعلى",ROUNDUP(O9,0),ROUND(O9,0)) | L9: =K9-J9 | M9: =IF(J9=0,"",K9/J9) | N9: =IF(J9=0,"لا ينطبق",IF(K9>=J9,"مكتمل",IF(K9=0,"لا يوجد","عجز"))) | O9: =IF(CAP<=$D$4,D9*CAP/$D$4,IF(CAP>=$I$4,I9*CAP/$I$4,INDEX($D9:$I9,$D$3)+$E$3*(INDEX($D9:$I9,$D$3+1)-INDEX($D9:$I9,$D$3))))
A10: 6 | B10: طبيب | C10: طبيب نائب مختبر / أمراض دم | D10: 1 | E10: 1 | F10: 1 | G10: 2 | H10: 3 | I10: 3 | J10: =IF(RMODE="تقريب لأعلى",ROUNDUP(O10,0),ROUND(O10,0)) | L10: =K10-J10 | M10: =IF(J10=0,"",K10/J10) | N10: =IF(J10=0,"لا ينطبق",IF(K10>=J10,"مكتمل",IF(K10=0,"لا يوجد","عجز"))) | O10: =IF(CAP<=$D$4,D10*CAP/$D$4,IF(CAP>=$I$4,I10*CAP/$I$4,INDEX($D10:$I10,$D$3)+$E$3*(INDEX($D10:$I10,$D$3+1)-INDEX($D10:$I10,$D$3))))
A11: 7 | B11: طبيب | C11: طبيب نائب باطنة | D11: 1 | E11: 1 | F11: 2 | G11: 2 | H11: 2 | I11: 5 | J11: =IF(RMODE="تقريب لأعلى",ROUNDUP(O11,0),ROUND(O11,0)) | L11: =K11-J11 | M11: =IF(J11=0,"",K11/J11) | N11: =IF(J11=0,"لا ينطبق",IF(K11>=J11,"مكتمل",IF(K11=0,"لا يوجد","عجز"))) | O11: =IF(CAP<=$D$4,D11*CAP/$D$4,IF(CAP>=$I$4,I11*CAP/$I$4,INDEX($D11:$I11,$D$3)+$E$3*(INDEX($D11:$I11,$D$3+1)-INDEX($D11:$I11,$D$3))))
A12: 8 | B12: طبيب | C12: طبيب نائب أخرى (تخدير / أسنان / جلدية ...) | D12: 1 | E12: 1 | F12: 1 | G12: 1 | H12: 2 | I12: 5 | J12: =IF(RMODE="تقريب لأعلى",ROUNDUP(O12,0),ROUND(O12,0)) | L12: =K12-J12 | M12: =IF(J12=0,"",K12/J12) | N12: =IF(J12=0,"لا ينطبق",IF(K12>=J12,"مكتمل",IF(K12=0,"لا يوجد","عجز"))) | O12: =IF(CAP<=$D$4,D12*CAP/$D$4,IF(CAP>=$I$4,I12*CAP/$I$4,INDEX($D12:$I12,$D$3)+$E$3*(INDEX($D12:$I12,$D$3+1)-INDEX($D12:$I12,$D$3))))
A13: 9 | B13: طبيب | C13: طبيب مقيم نفسي / إدمان | D13: 10 | E13: 15 | F13: 25 | G13: 42 | H13: 55 | I13: 70 | J13: =IF(RMODE="تقريب لأعلى",ROUNDUP(O13,0),ROUND(O13,0)) | L13: =K13-J13 | M13: =IF(J13=0,"",K13/J13) | N13: =IF(J13=0,"لا ينطبق",IF(K13>=J13,"مكتمل",IF(K13=0,"لا يوجد","عجز"))) | O13: =IF(CAP<=$D$4,D13*CAP/$D$4,IF(CAP>=$I$4,I13*CAP/$I$4,INDEX($D13:$I13,$D$3)+$E$3*(INDEX($D13:$I13,$D$3+1)-INDEX($D13:$I13,$D$3))))
A14: 10 | B14: طبيب | C14: طبيب مقيم مختبر / أمراض دم | D14: 2 | E14: 2 | F14: 3 | G14: 3 | H14: 4 | I14: 4 | J14: =IF(RMODE="تقريب لأعلى",ROUNDUP(O14,0),ROUND(O14,0)) | L14: =K14-J14 | M14: =IF(J14=0,"",K14/J14) | N14: =IF(J14=0,"لا ينطبق",IF(K14>=J14,"مكتمل",IF(K14=0,"لا يوجد","عجز"))) | O14: =IF(CAP<=$D$4,D14*CAP/$D$4,IF(CAP>=$I$4,I14*CAP/$I$4,INDEX($D14:$I14,$D$3)+$E$3*(INDEX($D14:$I14,$D$3+1)-INDEX($D14:$I14,$D$3))))
A15: 11 | B15: طبيب | C15: طبيب مقيم باطنة | D15: 3 | E15: 3 | F15: 4 | G15: 5 | H15: 6 | I15: 10 | J15: =IF(RMODE="تقريب لأعلى",ROUNDUP(O15,0),ROUND(O15,0)) | L15: =K15-J15 | M15: =IF(J15=0,"",K15/J15) | N15: =IF(J15=0,"لا ينطبق",IF(K15>=J15,"مكتمل",IF(K15=0,"لا يوجد","عجز"))) | O15: =IF(CAP<=$D$4,D15*CAP/$D$4,IF(CAP>=$I$4,I15*CAP/$I$4,INDEX($D15:$I15,$D$3)+$E$3*(INDEX($D15:$I15,$D$3+1)-INDEX($D15:$I15,$D$3))))
A16: 12 | B16: طبيب | C16: طبيب مقيم أخرى (تخدير / أسنان / جلدية ...) | D16: 5 | E16: 5 | F16: 8 | G16: 10 | H16: 15 | I16: 16 | J16: =IF(RMODE="تقريب لأعلى",ROUNDUP(O16,0),ROUND(O16,0)) | L16: =K16-J16 | M16: =IF(J16=0,"",K16/J16) | N16: =IF(J16=0,"لا ينطبق",IF(K16>=J16,"مكتمل",IF(K16=0,"لا يوجد","عجز"))) | O16: =IF(CAP<=$D$4,D16*CAP/$D$4,IF(CAP>=$I$4,I16*CAP/$I$4,INDEX($D16:$I16,$D$3)+$E$3*(INDEX($D16:$I16,$D$3+1)-INDEX($D16:$I16,$D$3))))
... A41: 37 | B41: إداري | C41: حارس أمن وسلامة | D41: 30 | E41: 35 | F41: 45 | G41: 55 | H41: 65 | I41: 80 | J41: =IF(RMODE="تقريب لأعلى",ROUNDUP(O41,0),ROUND(O41,0)) | L41: =K41-J41 | M41: =IF(J41=0,"",K41/J41) | N41: =IF(J41=0,"لا ينطبق",IF(K41>=J41,"مكتمل",IF(K41=0,"لا يوجد","عجز"))) | O41: =IF(CAP<=$D$4,D41*CAP/$D$4,IF(CAP>=$I$4,I41*CAP/$I$4,INDEX($D41:$I41,$D$3)+$E$3*(INDEX($D41:$I41,$D$3+1)-INDEX($D41:$I41,$D$3))))
C42: المجموع (محسوب من الجدول) | D42: =SUM(D5:D41) | E42: =SUM(E5:E41) | F42: =SUM(F5:F41) | G42: =SUM(G5:G41) | H42: =SUM(H5:H41) | I42: =SUM(I5:I41) | J42: =SUM(J5:J41) | K42: =SUM(K5:K41) | L42: =SUM(L5:L41) | M42: =IF(J42=0,"",K42/J42) | O42: =SUM(O5:O41)
C43: المجموع المنشور في الدليل | D43: 394 | E43: 638 | F43: 1086 | G43: 1567 | H43: 2020 | I43: 2573
C44: الفرق (محسوب − منشور) | D44: =D42-D43 | E44: =E42-E43 | F44: =F42-F43 | G44: =G42-G43 | H44: =H42-H43 | I44: =I42-I43

Sheet الرعاية المديدة - الفنية
A1: الرعاية المديدة - الفنية
A2: الملحق (4) — مستشفيات الرعاية المديدة: الأقسام الفنية (صفحات 61-63)
C3: معاملا الاستيفاء ◄ | D3: =IFERROR(MATCH(CAP,$D$4:$G$4,1),1) | E3: =IF(OR(CAP<=$D$4,CAP>=$G$4),0,(CAP-INDEX($D$4:$G$4,$D$3))/(INDEX($D$4:$G$4,$D$3+1)-INDEX($D$4:$G$4,$D$3)))
A4: م | B4: الفئة | C4: المسمى الوظيفي | D4: 50 | E4: 100 | F4: 200 | G4: 300 | H4: الاحتياج للسعة المدخلة | I4: الموجود فعلياً | J4: الفجوة (+فائض / -عجز) | K4: نسبة التغطية | L4: الحالة | M4: القيمة قبل التقريب | N4: ملاحظات
A5: 1 | B5: طبيب | C5: استشاري طب أسرة أو استشاري باطنة (Hospitalist) | D5: 1 | E5: 2 | F5: 4 | G5: 6 | H5: =IF(RMODE="تقريب لأعلى",ROUNDUP(M5,0),ROUND(M5,0)) | J5: =I5-H5 | K5: =IF(H5=0,"",I5/H5) | L5: =IF(H5=0,"لا ينطبق",IF(I5>=H5,"مكتمل",IF(I5=0,"لا يوجد","عجز"))) | M5: =IF(CAP<=$D$4,D5*CAP/$D$4,IF(CAP>=$G$4,G5*CAP/$G$4,INDEX($D5:$G5,$D$3)+$E$3*(INDEX($D5:$G5,$D$3+1)-INDEX($D5:$G5,$D$3))))
A6: 2 | B6: طبيب | C6: أخصائي طب أسرة أو أخصائي باطنة (Hospitalist) | D6: 2 | E6: 4 | F6: 8 | G6: 12 | H6: =IF(RMODE="تقريب لأعلى",ROUNDUP(M6,0),ROUND(M6,0)) | J6: =I6-H6 | K6: =IF(H6=0,"",I6/H6) | L6: =IF(H6=0,"لا ينطبق",IF(I6>=H6,"مكتمل",IF(I6=0,"لا يوجد","عجز"))) | M6: =IF(CAP<=$D$4,D6*CAP/$D$4,IF(CAP>=$G$4,G6*CAP/$G$4,INDEX($D6:$G6,$D$3)+$E$3*(INDEX($D6:$G6,$D$3+1)-INDEX($D6:$G6,$D$3))))
A7: 3 | B7: طبيب | C7: مقيم | D7: 8 | E7: 16 | F7: 32 | G7: 48 | H7: =IF(RMODE="تقريب لأعلى",ROUNDUP(M7,0),ROUND(M7,0)) | J7: =I7-H7 | K7: =IF(H7=0,"",I7/H7) | L7: =IF(H7=0,"لا ينطبق",IF(I7>=H7,"مكتمل",IF(I7=0,"لا يوجد","عجز"))) | M7: =IF(CAP<=$D$4,D7*CAP/$D$4,IF(CAP>=$G$4,G7*CAP/$G$4,INDEX($D7:$G7,$D$3)+$E$3*(INDEX($D7:$G7,$D$3+1)-INDEX($D7:$G7,$D$3))))
A8: 4 | B8: طبيب | C8: استشاري أمراض صدرية | D8: 0 | E8: 0 | F8: 0 | G8: 0 | H8: =IF(RMODE="تقريب لأعلى",ROUNDUP(M8,0),ROUND(M8,0)) | J8: =I8-H8 | K8: =IF(H8=0,"",I8/H8) | L8: =IF(H8=0,"لا ينطبق",IF(I8>=H8,"مكتمل",IF(I8=0,"لا يوجد","عجز"))) | M8: =IF(CAP<=$D$4,D8*CAP/$D$4,IF(CAP>=$G$4,G8*CAP/$G$4,INDEX($D8:$G8,$D$3)+$E$3*(INDEX($D8:$G8,$D$3+1)-INDEX($D8:$G8,$D$3))))
A9: 5 | B9: طبيب | C9: أخصائي أمراض صدرية | D9: 0 | E9: 0 | F9: 0 | G9: 0 | H9: =IF(RMODE="تقريب لأعلى",ROUNDUP(M9,0),ROUND(M9,0)) | J9: =I9-H9 | K9: =IF(H9=0,"",I9/H9) | L9: =IF(H9=0,"لا ينطبق",IF(I9>=H9,"مكتمل",IF(I9=0,"لا يوجد","عجز"))) | M9: =IF(CAP<=$D$4,D9*CAP/$D$4,IF(CAP>=$G$4,G9*CAP/$G$4,INDEX($D9:$G9,$D$3)+$E$3*(INDEX($D9:$G9,$D$3+1)-INDEX($D9:$G9,$D$3))))
A10: 6 | B10: طبيب | C10: استشاري نفسية | D10: 0 | E10: 0 | F10: 0 | G10: 0 | H10: =IF(RMODE="تقريب لأعلى",ROUNDUP(M10,0),ROUND(M10,0)) | J10: =I10-H10 | K10: =IF(H10=0,"",I10/H10) | L10: =IF(H10=0,"لا ينطبق",IF(I10>=H10,"مكتمل",IF(I10=0,"لا يوجد","عجز"))) | M10: =IF(CAP<=$D$4,D10*CAP/$D$4,IF(CAP>=$G$4,G10*CAP/$G$4,INDEX($D10:$G10,$D$3)+$E$3*(INDEX($D10:$G10,$D$3+1)-INDEX($D10:$G10,$D$3))))
A11: 7 | B11: طبيب | C11: أخصائي نفسية | D11: 1 | E11: 2 | F11: 4 | G11: 6 | H11: =IF(RMODE="تقريب لأعلى",ROUNDUP(M11,0),ROUND(M11,0)) | J11: =I11-H11 | K11: =IF(H11=0,"",I11/H11) | L11: =IF(H11=0,"لا ينطبق",IF(I11>=H11,"مكتمل",IF(I11=0,"لا يوجد","عجز"))) | M11: =IF(CAP<=$D$4,D11*CAP/$D$4,IF(CAP>=$G$4,G11*CAP/$G$4,INDEX($D11:$G11,$D$3)+$E$3*(INDEX($D11:$G11,$D$3+1)-INDEX($D11:$G11,$D$3))))
A12: 8 | B12: طبيب | C12: استشاري أمراض جلدية وتناسلية | D12: 0 | E12: 0 | F12: 0 | G12: 0 | H12: =IF(RMODE="تقريب لأعلى",ROUNDUP(M12,0),ROUND(M12,0)) | J12: =I12-H12 | K12: =IF(H12=0,"",I12/H12) | L12: =IF(H12=0,"لا ينطبق",IF(I12>=H12,"مكتمل",IF(I12=0,"لا يوجد","عجز"))) | M12: =IF(CAP<=$D$4,D12*CAP/$D$4,IF(CAP>=$G$4,G12*CAP/$G$4,INDEX($D12:$G12,$D$3)+$E$3*(INDEX($D12:$G12,$D$3+1)-INDEX($D12:$G12,$D$3))))
A13: 9 | B13: طبيب | C13: أخصائي أمراض جلدية وتناسلية | D13: 1 | E13: 2 | F13: 4 | G13: 6 | H13: =IF(RMODE="تقريب لأعلى",ROUNDUP(M13,0),ROUND(M13,0)) | J13: =I13-H13 | K13: =IF(H13=0,"",I13/H13) | L13: =IF(H13=0,"لا ينطبق",IF(I13>=H13,"مكتمل",IF(I13=0,"لا يوجد","عجز"))) | M13: =IF(CAP<=$D$4,D13*CAP/$D$4,IF(CAP>=$G$4,G13*CAP/$G$4,INDEX($D13:$G13,$D$3)+$E$3*(INDEX($D13:$G13,$D$3+1)-INDEX($D13:$G13,$D$3))))
A14: 10 | B14: طبيب | C14: استشاري جراحة عامة | D14: 0 | E14: 0 | F14: 0 | G14: 0 | H14: =IF(RMODE="تقريب لأعلى",ROUNDUP(M14,0),ROUND(M14,0)) | J14: =I14-H14 | K14: =IF(H14=0,"",I14/H14) | L14: =IF(H14=0,"لا ينطبق",IF(I14>=H14,"مكتمل",IF(I14=0,"لا يوجد","عجز"))) | M14: =IF(CAP<=$D$4,D14*CAP/$D$4,IF(CAP>=$G$4,G14*CAP/$G$4,INDEX($D14:$G14,$D$3)+$E$3*(INDEX($D14:$G14,$D$3+1)-INDEX($D14:$G14,$D$3))))
A15: 11 | B15: طبيب | C15: أخصائي جراحة عامة | D15: 1 | E15: 2 | F15: 4 | G15: 6 | H15: =IF(RMODE="تقريب لأعلى",ROUNDUP(M15,0),ROUND(M15,0)) | J15: =I15-H15 | K15: =IF(H15=0,"",I15/H15) | L15: =IF(H15=0,"لا ينطبق",IF(I15>=H15,"مكتمل",IF(I15=0,"لا يوجد","عجز"))) | M15: =IF(CAP<=$D$4,D15*CAP/$D$4,IF(CAP>=$G$4,G15*CAP/$G$4,INDEX($D15:$G15,$D$3)+$E$3*(INDEX($D15:$G15,$D$3+1)-INDEX($D15:$G15,$D$3))))
A16: 12 | B16: طبيب | C16: مقيم جراحة عامة | D16: 0 | E16: 0 | F16: 0 | G16: 0 | H16: =IF(RMODE="تقريب لأعلى",ROUNDUP(M16,0),ROUND(M16,0)) | J16: =I16-H16 | K16: =IF(H16=0,"",I16/H16) | L16: =IF(H16=0,"لا ينطبق",IF(I16>=H16,"مكتمل",IF(I16=0,"لا يوجد","عجز"))) | M16: =IF(CAP<=$D$4,D16*CAP/$D$4,IF(CAP>=$G$4,G16*CAP/$G$4,INDEX($D16:$G16,$D$3)+$E$3*(INDEX($D16:$G16,$D$3+1)-INDEX($D16:$G16,$D$3))))
... A22: 18 | B22: طبيب | C22: أخصائي جراحة تجميل وحروق | D22: 1 | E22: 2 | F22: 4 | G22: 6 | H22: =IF(RMODE="تقريب لأعلى",ROUNDUP(M22,0),ROUND(M22,0)) | J22: =I22-H22 | K22: =IF(H22=0,"",I22/H22) | L22: =IF(H22=0,"لا ينطبق",IF(I22>=H22,"مكتمل",IF(I22=0,"لا يوجد","عجز"))) | M22: =IF(CAP<=$D$4,D22*CAP/$D$4,IF(CAP>=$G$4,G22*CAP/$G$4,INDEX($D22:$G22,$D$3)+$E$3*(INDEX($D22:$G22,$D$3+1)-INDEX($D22:$G22,$D$3))))
